ccm_EA_pca.sample.id	popEA	EV1	EV2
Sample5025684	Zambia	-0.000992009296748735	-0.0123498907705484
Sample5026290	Zambia	-0.00368600973085554	-0.0287778924781924
PU26	Zambia	-0.00028413325712971	-0.005475289128252
Sample5024055	Zambia	0.000985708177350207	-0.00903667906149109
PU15	Zambia	0.00258323227944217	-0.0240080305572365
Sample5025548	Zambia	-0.00744276401086189	-0.0213282735592546
Sample5025261	Zambia	0.000358541449498442	-0.0142731365289019
PU1	Zambia	-0.0105781496411065	-0.0453165422688587
Sample5025118	Zambia	0.00249996455953312	-0.0132695991743688
Sample5026175	Zambia	-0.00471500780505479	-0.0226293670998935
PU8	Zambia	-0.00776467986429298	-0.0310870203557514
PU9	Zambia	0.027787702551627	-0.0215324551127093
Sample5025942	Zambia	-0.00339090110455082	0.00935652751718752
PU23	Zambia	-0.00901244434564806	-0.0401956329679052
Sample5026578	Zambia	-0.00136135074807449	-0.00788575293959298
Sample5025954	Zambia	-0.000148872821871049	-0.0173912253730293
Sample5025114	Zambia	-0.00173931115288796	-0.0151712135125265
Sample5025776	Zambia	-0.0118241975882212	0.00834913793585817
Sample5025957	Zambia	-0.00317512746790811	-0.026282612355411
Sample5026312	Zambia	-0.0142275840941476	-0.0420433611359313
PU14	Zambia	-0.00759032936149091	-0.0257572369649754
Sample5024082	Zambia	-0.0147912977283968	-0.0310083073724532
Sample5026402	Zambia	-0.00872138070600689	-0.027984952464103
PU7	Zambia	-0.000505895378784536	-0.0286813914233784
PU20	Zambia	-0.000494241720277885	-0.00970763844533987
Sample5026161	Zambia	-0.00392551318902685	-0.0287486116466139
Sample5026773	Zambia	-0.00253254753754978	-0.0206033277061339
Sample5025398	Zambia	-0.00564131426565543	-0.0231452702463648
Sample5026399	Zambia	-0.00321538389629123	-0.0237219007519435
Sample5027250	Zambia	-0.00737307491952842	-0.024637091600453
PU16	Zambia	-0.00628738813848236	-0.0271242090256211
Sample5025199	Zambia	-0.0125862018138518	-0.0392652877543631
PU10	Zambia	-0.00988156774246381	-0.031037102265983
Sample5025982	Zambia	0.00723103943112983	-0.0129979833411031
Sample5026206	Zambia	-0.00679180240886642	-0.0221386537026129
Sample5026911	Zambia	0.000503655737958457	0.0319831391825473
Sample5024056	Zambia	-0.00678899181362875	-0.0328304562068435
Sample5026392	Zambia	-0.00161143950314377	-0.0266525149940653
Sample5025967	Zambia	-0.00386570629586033	-0.0288491737027198
PU24	Zambia	-0.0125776849867255	-0.0432075347319144
Sample5024047	Zambia	-0.0102781779630946	-0.02602603459669
Sample5026309	Zambia	0.00378044687986125	-0.0335971437474365
Sample5026134	Zambia	0.00206653512539173	-0.0106461803139082
Sample5024525	Zambia	-0.0122501307145111	0.013772227212087
Sample5024549	Zambia	-0.00461023446568825	0.0175778737468256
Sample5025923	Zambia	-0.0068414694368688	-0.0233904615608881
Sample5024964	Zambia	-0.00654279004601132	-0.0144737471495247
Sample5026735	Zambia	-0.0120633260386332	-0.0253857386612111
Sample5025643	Zambia	-0.00638188388402167	-0.0208729537169747
Sample5026403	Zambia	-0.00322189035173748	-0.0355619612528852
PU2	Zambia	-0.00303055623000211	-0.0256200411790229
Sample5025263	Zambia	-0.00336055715902667	-0.0143995855503519
PU25	Zambia	-0.00361545505784087	-0.0231789050021772
Sample5024029	Zambia	-0.00759246527150308	-0.0430993654476836
PU19	Zambia	-0.0114087645067376	-0.0248704677335043
PU12	Zambia	-0.0015797527459572	-0.0236734642446133
Sample5024264	Zambia	6.47321557148075e-05	-0.0176679626588279
Sample5025264	Zambia	-0.00481507372355041	-0.0260100470125524
Sample5026596	Zambia	-0.0116151731266473	-0.0125226651127776
Sample5025747	Zambia	0.00212933972257014	-0.010358990734972
Sample5024504	Zambia	-0.00481953688841509	-0.038600919267999
Sample5025076	Zambia	0.00060376596146786	-0.0197957112289423
Sample5025117	Zambia	0.000643394438978112	-0.0292627948000562
Sample5025257	Zambia	-0.00572467655879932	-0.0234761277616868
Sample5024310	Zambia	-0.00723897514982145	-0.0208255761098738
Sample5024680	Zambia	-0.0135125735539079	-0.0130198201976312
Sample5025973	Zambia	-0.00785898192004509	-0.0270950726110237
Sample5024461	Zambia	-0.00877968139658932	-0.026952421324718
Sample5024833	Zambia	-0.00302756106654668	-0.0189731685221499
Sample5026152	Zambia	-0.0117735306170434	-0.0280552035830317
Sample5024171	Zambia	0.00781992386627708	-0.0223982796639412
PU3	Zambia	-0.00277076271763761	-0.0275140570098473
Sample5024006	Zambia	-0.00807144542648636	-0.029126440972512
Sample5026729	Zambia	-0.0108130155320675	-0.0272868240054655
Sample5026712	Zambia	-0.0107717397089354	-0.0377223657106655
Sample5024086	Zambia	0.00142912571608326	-0.024581396169346
Sample5024981	Zambia	-0.00591542927067332	-0.0302405996499964
Sample5025964	Zambia	-0.00637631574715988	-0.0269568367116006
Sample5024465	Zambia	-0.0152396430931177	-0.0500435180658898
Sample5024513	Zambia	-0.000887646783118496	-0.0332464301256277
Sample5025098	Zambia	0.0198299860733478	-0.0042119594413533
Sample5025958	Zambia	-0.00468869216702182	-0.00693481041036447
Sample5026871	Zambia	-0.00907260993461471	-0.0152597187428471
Sample5024051	Zambia	-0.00196765739612028	-0.0315319862390385
PU11	Zambia	-0.0165199485620418	-0.0313220627385647
PU4	Zambia	0.00246890115605337	-0.0300256776643429
Sample5024262	Zambia	-0.00659142306518705	-0.0240815472817517
Sample5025123	Zambia	-0.00519995552554076	-0.034023531992048
Sample5024838	Zambia	-0.000882340465377353	-0.0150779697790076
Sample5025065	Zambia	-0.00601431669386459	-0.030659033803272
Sample5024096	Zambia	3.52030541429554e-05	-0.0203842140148055
Sample5025644	Zambia	-0.00577219290036978	-0.0252599003005263
PU6	Zambia	-0.00363183407393085	-0.0314930457309596
Sample5025499	Zambia	-0.000498660491351942	-0.0283145895049233
Sample5026378	Zambia	-0.00201331436326275	-0.0205705010299108
Sample5025468	Zambia	-0.016011832662235	-0.0193435210177326
Sample5024992	Zambia	-0.00660559931714651	-0.024741380645359
Sample5024054	Zambia	-0.00910380356196728	-0.0331138580140043
Sample5024686	Zambia	-0.00804023052011826	-0.031248952094017
Sample5026718	Zambia	-0.0155172849949024	-0.0469894747375216
Sample5026032	Zambia	-0.00691176450932076	-0.0293706753911945
Sample5025268	Zambia	0.00171824062897108	-0.0257839446508356
Sample5024591	Zambia	-0.00632438009553954	-0.0341635673616273
Sample5024820	Zambia	-0.0064302660859381	-0.0218382877174329
Sample5025503	Zambia	-0.0127066928681189	-0.0365343284556652
Sample5026441	Zambia	-0.0025318180927194	-0.0310391244099241
Sample5026588	Zambia	-0.0080161169406137	-0.0207909975208834
Sample5026443	Zambia	0.058687066807456	-0.0329190314964323
Sample5024475	Zambia	-0.00128851810336777	-0.0199834556794812
Sample5026421	Zambia	-0.00436933720276	-0.0404999123230212
Sample5024473	Zambia	0.00638394250518822	-0.0271862411109881
Sample5024442	Zambia	-0.00885480426273155	-0.0266416053807143
Sample5024701	Zambia	-0.0104671470040337	-0.0451307081376611
Sample5024706	Zambia	-0.00369039259890034	-0.029342838186122
Sample5024818	Zambia	-0.00565788385480876	-0.0269537561316343
Sample5025654	Zambia	-0.00327420570302687	-0.0145831811222848
Sample5024485	Zambia	-0.00634512392217807	-0.0309364178729586
Sample5026297	Zambia	-0.0081844885612724	-0.0363010082702455
Sample5024884	Zambia	-0.000943327818671163	-0.00905209899401796
Sample5026350	Zambia	-0.00180882427477315	-0.0191128950487639
Sample5024536	Zambia	-0.0104882726220527	0.00192706905283217
Sample5024472	Zambia	-0.0133161576286785	-0.039282928736186
Sample5024819	Zambia	-0.0105753799736318	-0.0371345412853997
Sample5026311	Zambia	-0.0041643131771233	-0.0339648241106396
PU13	Zambia	-0.00637999530966985	-0.0529501284760505
Sample5025930	Zambia	-0.0122090861619468	-0.0382099634576663
Sample5026031	Zambia	-0.000156471648391558	-0.0306467138595658
Sample5025089	Zambia	-0.00868627391030176	-0.0321757060028684
Sample5024360	Zambia	0.00177169263116589	-0.0252793294970996
Sample5024113	Zambia	-0.00337298029361837	-0.0289010316581462
Sample5026742	Zambia	-0.0129548879938801	-0.0192388711265047
Sample5024252	Zambia	-0.00397978859857241	-0.034449668361395
Sample5025262	Zambia	-0.00543672946022525	-0.0342125082195385
Sample5026616	Zambia	-0.00956741281013966	-0.0303273077277911
Sample5025909	Zambia	0.00339150905870227	-0.0320061774957818
Sample5026437	Zambia	-0.00883428411364307	-0.0416425619332566
Sample5026302	Zambia	-0.00930494055266416	-0.0215813939372042
Sample5026452	Zambia	-0.0105334597987245	-0.0345328900333662
Sample5024535	Zambia	-0.00323253557537076	0.00407298301550061
Sample5026866	Zambia	-0.0154801553530169	-0.0241573308363899
Sample5026910	Zambia	-0.00754023424198026	0.0118366272604132
Sample5026916	Zambia	-0.00663922902088514	-0.00186389916457713
PU5	Zambia	0.00411725489412385	-0.0342760163577217
Sample5024463	Zambia	-0.00616138673732763	-0.0341353187401099
Sample5025918	Zambia	-0.0101953512016887	-0.0103947103345695
Sample5024469	Zambia	-0.0112827006157854	-0.036963745152702
Sample5024719	Zambia	-0.00656646033552489	-0.0362189405941529
Sample5026433	Zambia	0.000710519790820773	-0.031634264799966
Sample5025334	Zambia	-0.00874746106541328	-0.0207948629037725
Sample5025291	Zambia	-0.00515732560007603	-0.0252783024838883
Sample5025782	Zambia	-0.00586545810060153	-0.0273464257334053
Sample5026771	Zambia	-0.0155995038608337	-0.0477561650613878
Sample5024376	Zambia	-0.00746629391310997	0.016197330155611
Sample5026727	Zambia	-0.00807299924285659	-0.040693204950558
Sample5024244	Zambia	0.00121103039384389	-0.0206452189459702
Sample5024173	Zambia	-0.00436454745888535	-0.027465802303719
Sample5026438	Zambia	0.000494507031372152	-0.033278958416353
Sample5024704	Zambia	0.00131988358233709	-0.0346164412246651
Sample5026293	Zambia	-0.0109340081881671	-0.0294648316627373
Sample5024275	Zambia	-0.00492540165031444	-0.0264394075075066
Sample5024681	Zambia	-0.0177029298507257	-0.0389683346639192
Sample5026814	Zambia	-0.0038147282325703	-0.0179476367797804
Sample5026878	Zambia	-0.000845838550701809	-0.00356905181841558
Sample5024771	Zambia	-0.0122117255078713	-0.0287763238730728
Sample5025266	Zambia	-0.0154598406693877	-0.045456110631984
Sample5024467	Zambia	-0.00754261372363828	-0.0341405589799529
Sample5025953	Zambia	-0.00203404586359695	-0.0249696477941147
Sample5024011	Zambia	-0.00578356489275879	-0.0348772765881132
Sample5026584	Zambia	-0.00425924557970216	-0.022851081191552
Sample5026847	Zambia	-0.00541962966392831	-0.0343177036788939
Sample5026301	Zambia	-0.00292889425904474	-0.0269400707942606
Sample5024673	Zambia	-0.0044343800306982	-0.0282926925761148
Sample5024610	Zambia	-0.0105915676949714	0.0109956534489019
Sample5024069	Zambia	-0.0127376848899212	-0.0270040347890766
PU18	Zambia	-0.00763474663637966	-0.0347910094746719
Sample5025773	Zambia	-0.0102998475669469	-0.0219777953211104
Sample5026316	Zambia	-0.0116562392715713	-0.0157781025061103
Sample5025922	Zambia	-0.00739895254386943	-0.0428170639021394
Sample5026805	Zambia	-0.0046141478726825	-0.0127127086170689
Sample5025095	Zambia	-0.0056326675573075	-0.0378637491626433
Sample5025122	Zambia	0.000440698788538734	-0.0435059731695123
Sample5026142	Zambia	-0.0133170140491019	-0.0379918439408323
Sample5025335	Zambia	-0.0138528815560654	-0.0138419234496805
Sample5026883	Zambia	-0.0102419583058161	-0.0289615167618031
Sample5026416	Zambia	-0.00781578968664878	-0.0294400325429652
Sample5024012	Zambia	0.186630451069603	-0.0397724569382186
Sample5026793	Zambia	-0.000715031090658846	-0.0212214383837364
PU28	Zambia	-0.00782647634447813	-0.0395535661807596
Sample5025504	Zambia	-0.0174638942735174	-0.0258498092703418
Sample5025929	Zambia	-0.0035915023557254	-0.0380762562258214
Sample5026240	Zambia	-0.00519510830742887	-0.0346669385565296
Sample5024414	Zambia	-0.00857882688487865	-0.0285127928574165
PU17	Zambia	-0.00519064301122489	-0.0346681064286128
Sample5024085	Zambia	-0.00771104170686587	-0.0287729261776481
Sample5025822	Zambia	-0.0111019652078554	-0.0339856971674319
Sample5025617	Zambia	-0.00604360019927042	-0.0246734489994716
Sample5026054	Zambia	-0.00828113217966519	-0.0265689346166869
Sample5026610	Zambia	-0.012862591465183	-0.0345434812212414
Sample5024839	Zambia	-0.0076191856244556	-0.032994840872798
Sample5025542	Zambia	-0.0116065124491708	-0.0343961570164694
Sample5026400	Zambia	-0.0125698678302304	-0.0273021263409928
Sample5024179	Zambia	-0.0174519379924549	-0.0502852624305658
Sample5024711	Zambia	-0.00904518116706009	-0.0331342068829293
Sample5026407	Zambia	-0.00420553318391756	-0.0299717671100267
Sample5026483	Zambia	-0.0152556712360348	-0.0292037990987457
Sample5025289	Zambia	-0.0120374816926557	-0.0246302110333539
Sample5025941	Zambia	-0.00731600616157138	-0.0114624058502633
Sample5026244	Zambia	-0.00959846087438953	-0.0382735683109546
Sample5026760	Zambia	-0.00568949765943575	-0.0241141616584792
Sample5024226	Zambia	-0.00861460532957286	-0.0411210710555752
Sample5024500	Zambia	-0.0114055732714814	-0.0308959317107956
Sample5024083	Zambia	-0.00894903750808171	-0.0298642848335716
Sample5026435	Zambia	-0.0103442888015981	-0.0279564687153136
Sample5026460	Zambia	-0.0100372175734794	-0.0243077793546881
Sample5024019	Zambia	-0.0101943693568159	-0.035817859167559
Sample5024996	Zambia	-0.0046459196193406	-0.0303403687740734
Sample5024476	Zambia	-0.00546076881815924	-0.0307605238784967
Sample5026450	Zambia	-0.00616731549411334	-0.0364645969440926
Sample5024165	Zambia	-0.00484325490972001	-0.0309975806976321
Sample5024009	Zambia	-0.0070277270159454	-0.0266055539595008
Sample5024008	Zambia	-0.00596486053476952	-0.0363696313923488
Sample5024831	Zambia	-0.0107106629454825	-0.0336681852618569
Sample5025119	Zambia	-0.0114748033707397	-0.0387772962165176
Sample5024608	Zambia	-0.00917319518387871	-0.000201208966152199
Sample5024515	Zambia	-0.00507221394718206	-0.0244687172667206
Sample5026338	Zambia	0.00347218028320492	-0.0158874059456784
Sample5026884	Zambia	-0.00728087704842222	-0.0259147060013619
Sample5024364	Zambia	-0.0069237128480764	-0.0292196636078985
Sample5024937	Zambia	-0.00366852117745863	-0.0265794057132697
PU22	Zambia	-0.00984682561236291	-0.02669291464561
Sample5026877	Zambia	-0.00435048816031782	-0.0122980328890637
Sample5026409	Zambia	-0.00943387456123263	-0.0366772129186032
Sample5024416	Zambia	-0.00924633108373935	-0.0398546864872584
Sample5025125	Zambia	-0.00598116655230081	-0.0349721945726989
Sample5025116	Zambia	-0.00473958038307569	-0.0332373172669267
Sample5025753	Zambia	-0.00505657243191058	-0.0272157139511313
Sample5024697	Zambia	-0.00767729321997575	-0.0406294292825475
Sample5026480	Zambia	-0.00687903998793642	-0.0236680677305467
Sample5026133	Zambia	-0.00727122452333167	-0.032707341768308
Sample5026468	Zambia	0.00322731617668901	-0.0308144586876972
Sample5026698	Zambia	-0.00678178933777256	-0.0188871625513785
PE0002CW	Tanzania	-0.00228209743532425	-0.00722291429147723
PE0009C	Tanzania	0.00194544076777999	0.0142295974142944
PE0010C	Tanzania	-0.00182866079145828	-0.00372160461129039
PE0011C	Tanzania	0.00158866611520488	0.00922746254756302
PE0012C	Tanzania	-0.00988219212738703	0.0089791364674512
PE0013C	Tanzania	0.0141788424391395	0.006508937862566
PE0016C	Tanzania	-0.00144897086645909	0.013257581302889
PE0017C	Tanzania	0.00598535757506013	0.0252157924896532
PE0018C	Tanzania	-0.0024853178996414	-0.015236079529436
PE0019C	Tanzania	-0.0110515492809211	0.00796319108349883
PE0020C	Tanzania	-0.00584966759740427	-0.0086445936626652
PE0021C	Tanzania	-0.00397156154940037	0.0219443715767075
PE0022C	Tanzania	-0.00906505138769792	0.0263528769055886
PE0023C	Tanzania	-0.00266868320511549	0.0149315801800712
PE0024C	Tanzania	-0.00759198570008537	0.0157502211252276
PE0025C	Tanzania	0.00046084589101336	0.00205527587383077
PE0027C	Tanzania	0.00882141120815223	0.0259073540292746
PE0028C	Tanzania	-0.00278614678948625	0.00731246139632588
PE0030C	Tanzania	0.0050840647554506	0.00413089408108922
PE0087C	Tanzania	-0.000829371892798295	-0.004453727998372
PE0088C	Tanzania	-0.00754882055396118	0.00162920926743149
PE0089C	Tanzania	0.00357807801350119	0.0172676811817737
PE0090C	Tanzania	-0.00502054155055046	0.00843604902279342
PE0091C	Tanzania	-0.00070926819058721	-0.000909766306263015
PE0092C	Tanzania	-0.00284736683148277	0.0159026774360464
PE0093C	Tanzania	0.0128152272107936	0.0401300982753025
PE0096C	Tanzania	-0.00135928086861065	0.00214374877581272
PE0098C	Tanzania	-0.00410758306717544	0.0173074983130341
PE0102C	Tanzania	-0.0103614810638156	0.00993968585564849
PE0103C	Tanzania	0.0140847947994408	0.00776558952812151
PE0105C	Tanzania	-0.00176461602915429	0.0145442470345673
PE0108C	Tanzania	-0.0101574902063981	0.0112878108470089
PE0109C	Tanzania	-0.00394729470938231	0.00778266136947713
PE0111C	Tanzania	-0.0194438709370844	-0.00410516413842163
PE0113C	Tanzania	-0.00349114416276999	0.00656122176555422
PE0114C	Tanzania	-0.0090801512808114	-0.00280762401399571
PE0115C	Tanzania	-0.0130980509100432	0.00299527142242881
PE0116C	Tanzania	-0.00293630393898237	-0.0231558112555112
PE0117C	Tanzania	0.00265474884292843	0.0123277136444982
PE0119C	Tanzania	-0.0089362123479747	0.0106935194606363
PE0121C	Tanzania	0.138925224283083	0.00906788693149395
PE0122C	Tanzania	-0.00293790748077841	0.0114949461859584
PE0123C	Tanzania	-0.000500707839409493	0.00689284717275762
PE0124C	Tanzania	-0.001736977496805	0.00080647817038383
PE0125C	Tanzania	0.00274220732991239	0.0152834690424997
PE0126C	Tanzania	-0.0146280076239509	0.0112903518552325
PE0127C	Tanzania	0.00163891524815212	0.00771090791469587
PE0128C	Tanzania	-0.00179837438032503	0.00690311683358794
PE0129C	Tanzania	-0.00125164436611017	0.0163352367531387
PE0130C	Tanzania	0.0018858237788417	0.00976989954776033
PE0131C	Tanzania	0.000982352034642133	0.0255791068273657
PE0132C	Tanzania	0.000638211994512166	0.0295302570151102
PE0133C	Tanzania	-0.000235294040644422	-0.00280004208779125
PE0134C	Tanzania	-0.00588333908847403	0.00610750034861414
PE0135C	Tanzania	0.00133816990237324	0.00470510088494372
PE0136C	Tanzania	-0.00857186612527772	0.0163637154651478
PE0137C	Tanzania	0.00575497064258875	0.00546002618121672
PE0138C	Tanzania	0.0118528035660861	-0.01361923767988
PE0139C	Tanzania	0.0258462366245079	0.0170213728287645
PE0140C	Tanzania	-0.00279163154931729	-0.0096315326761914
PE0141C	Tanzania	0.00574073323380164	0.00346334742796242
PE0142C	Tanzania	-0.00599273776628318	0.000727147683758474
PE0143C	Tanzania	-0.00880732685351788	0.0204503552659963
PE0144C	Tanzania	-0.00800806778745161	0.00132428615882803
PE0145C	Tanzania	-0.00976847347134472	0.00984385986553563
PE0146C	Tanzania	-0.00364272793252626	0.0184766614134468
PE0147C	Tanzania	-0.0102955579976271	0.0121795929466475
PE0148C	Tanzania	-0.00123753981376478	0.000967387625970674
PT0001CW	Malawi	-0.00819131916831422	0.0263528825219359
PT0002CW	Malawi	-0.0047269818215136	0.0256619675256067
PT0004CW	Malawi	-0.00980204818072495	0.0264777755673071
PT0005CW	Malawi	-0.0105446148316775	0.019271323288497
PT0006CW	Malawi	-0.0123246046764504	0.0253296772767902
PT0008CW	Malawi	0.00159886731700789	0.0307891802971573
PT0010CW	Malawi	-0.00544883903214296	0.0273286475365793
PT0013CW	Malawi	-0.0078283578864534	0.03201497309541
PT0014CW	Malawi	-0.00523086911657066	0.0230428151174212
PT0016CW	Malawi	-0.00323434078081181	0.0293140622860032
PT0017CW	Malawi	-0.0104013844157152	0.0267983187500153
PT0018CW	Malawi	-0.0214416364979419	0.0270094198274294
PT0020CW	Malawi	-0.000802154330297264	0.00785675260575053
PT0021CW	Malawi	-0.00789875372474785	0.0247511935215197
PT0023CW	Malawi	-0.00420199637467029	0.0375447448533366
PT0027C	Malawi	-0.00375755814610218	0.0186840414617886
PT0029C	Malawi	-0.0056031756373595	0.0367700315211739
PT0031C	Malawi	-0.00157176843533322	0.047125855369488
PT0039C	Malawi	-0.018472232652977	0.00574453635403168
PT0040C	Malawi	-0.00600275070846961	0.0245024816202612
PT0041C	Malawi	-0.00838448585693703	0.0438459638474525
PT0042C	Malawi	-0.0149548438494781	0.0261251876032227
PT0043C	Malawi	-0.000499595963458266	0.0278483354860983
PT0044C	Malawi	-0.00565615263579915	0.0246695368852684
PT0046C	Malawi	-0.00675238883261377	0.0461546358653001
PT0051C	Malawi	0.0102999352578819	0.0700450760188778
PT0052C	Malawi	-0.0171103817977683	0.0419604737478292
PT0056C	Malawi	-0.014810730928523	0.036576386622114
PT0057C	Malawi	-0.00910870668367679	0.0372119211916736
PT0058C	Malawi	-0.0154381677885291	0.0548936429027704
PT0059C	Malawi	-0.00847977807394439	0.0592093168046403
PT0060C	Malawi	-0.00253991829717023	0.0459976799172431
PT0061C	Malawi	-0.00630726714650589	0.0415812447070448
PT0064C	Malawi	-0.00630964705913922	0.0266063683529174
PT0065C	Malawi	0.00923109797127313	0.0789461965975127
PT0066C	Malawi	-0.00882042005703913	0.032808603529461
PT0067C	Malawi	-0.0059444979368798	0.0268837708886995
PT0068C	Malawi	-0.00499396866816013	0.0486183422894255
PT0069C	Malawi	0.00647091412942009	0.00767409228343287
PT0071C	Malawi	-0.00587148227683906	0.0148269102491285
PT0072C	Malawi	-0.00423035640275376	0.0234364196346505
PT0074C	Malawi	-0.00972102069183928	0.0278255723294759
PT0075C	Malawi	-0.00086895750429215	0.0506222765377564
PT0077C	Malawi	-0.00463480770215666	0.0403340761701518
PT0077Cx	Malawi	-0.00333501947192144	0.0404509839587279
PT0078C	Malawi	-0.00134145955903263	0.0544877451691291
PT0078Cx	Malawi	-0.00340642772932016	0.0533421145827611
PT0080C	Malawi	-0.0100004696459423	0.0315106266708134
PT0081C	Malawi	0.00848025124696511	0.0852050137415956
PT0082C	Malawi	0.00286805171946001	0.0582910061817521
PT0084C	Malawi	-0.0104772696874377	0.0289725946099691
PT0086C	Malawi	0.00128375458257019	0.0326161345263474
PT0087C	Malawi	-0.0142771911685537	0.0128751254915908
PT0088C	Malawi	0.000565157372690204	0.0374571076499954
PT0090C	Malawi	-0.000787974543567075	0.0273139992080768
PT0091C	Malawi	-0.00876017018774394	0.0270284218522074
PT0094C	Malawi	-0.00673645774872922	0.0356055930921809
PT0095C	Malawi	-0.00560601844183158	0.0387401377885131
PT0096C	Malawi	0.00567362215133846	-0.016949312669751
PT0100C	Malawi	-0.00664963629479769	0.0611795518138732
PT0101C	Malawi	-0.00922082860595353	0.0271645020594834
PT0103C	Malawi	-0.00485860616712265	0.0300965983209313
PT0104C	Malawi	-0.00614725071966685	0.031619716111427
PT0105C	Malawi	-0.0107045896606361	0.0379222695579458
PT0108C	Malawi	-0.00202542911620654	0.0458020974395706
PT0111C	Malawi	-3.82775097743097e-05	0.0243226629285583
PT0112C	Malawi	-0.000358263920241609	0.0688304712731
PT0115C	Malawi	-0.00571445360416939	0.0265460563903681
PT0117C	Malawi	-0.00689746229674736	0.0492543052745646
PT0118C	Malawi	-0.00136093703914894	0.0140538184686839
PT0119C	Malawi	-0.013704638723598	0.0091749249211504
PT0121C	Malawi	0.0216600719326168	0.0400454435728802
PT0122C	Malawi	-0.0027077207210142	0.0423067766755102
PT0123C	Malawi	-0.00203885788438143	0.0438750133216287
PT0124C	Malawi	-0.0103363124044762	0.028598891891251
PT0125C	Malawi	-0.00398698708250753	0.0246378126947509
PT0126C	Malawi	-0.0113574815984071	0.0281060202900851
PT0127C	Malawi	-0.000347373081197607	0.0272240100156517
PT0131C	Malawi	-0.00801584416276633	0.0443339554724296
PT0132C	Malawi	-0.00234257907905728	0.0704808769536084
PT0133C	Malawi	-0.00804130472512075	0.0384601568672799
PT0135C	Malawi	-0.00479604217528465	0.0362648075229309
PT0136C	Malawi	-0.0108590349032637	0.0381011859556815
PT0138C	Malawi	0.00315563963745243	0.0561342043230754
PT0139C	Malawi	-0.00752015408694104	0.0286699998921721
PT0140C	Malawi	0.00193079479723163	0.0640871993577857
PT0143C	Malawi	-0.00317931230184855	0.0266939879531846
PT0144C	Malawi	-0.0115625431221658	0.0385920938144839
PT0146C	Malawi	-0.00148464330179359	0.0379509900018367
PT0147C	Malawi	-0.0143645110493889	0.0261434371087449
PT0149C	Malawi	-0.0199345919621188	0.0384427314227358
PT0150C	Malawi	0.00312569242414174	0.0436310577336268
PT0152C	Malawi	-0.00943578389414521	0.0526826516656207
PT0154C	Malawi	-0.0058854651953809	0.0375278808939687
PT0154Cx	Malawi	-0.0058854651953809	0.0375278808939687
PT0155C	Malawi	-0.00376697206159574	0.0423847492755049
PT0157C	Malawi	-0.00132510545705576	0.0334935061580969
PT0160C	Malawi	0.011555181277778	0.0285834475926415
PT0161C	Malawi	0.00788456385670513	0.0413098887637047
PT0165C	Malawi	-0.0132174286726586	0.0420158000228521
PT0168C	Malawi	0.546092002472203	0.0134560332513358
PT0169C	Malawi	0.545935332406412	0.013112277802158
PT0170C	Malawi	-0.00762685950401361	0.0373810674036584
PT0174C	Malawi	-0.0115322278715515	0.037465514052468
PT0175C	Malawi	-0.00833992950612575	0.0316922108496742
PT0176C	Malawi	-0.00515989535274586	0.0478407736787178
PT0177C	Malawi	0.313195238598383	0.024563499805611
PT0178C	Malawi	-0.0141725363728204	0.0456888895025257
PT0180C	Malawi	0.00390583975366088	0.0347234721096561
PT0182C	Malawi	-0.0130651790658683	0.0317840409740642
PT0183C	Malawi	0.00037397455938375	0.0449014449373083
PT0187C	Malawi	0.0101892899950831	0.104560315765788
PT0187Cx	Malawi	0.0101892899950831	0.104560315765788
PT0188C	Malawi	0.000757448671395152	0.052267605595069
PT0188Cx	Malawi	0.00075744867139515	0.052267605595069
PT0189C	Malawi	-0.0161190799968685	0.0598170470435948
PT0189Cx	Malawi	-0.0161190799968685	0.0598170470435948
PT0190C	Malawi	0.00565835879930383	0.0819091094952244
PT0192Cx	Malawi	0.0162213644598277	0.0150490321338016
PT0193C	Malawi	0.00265404451191309	0.0724842522741113
PT0196Cx	Malawi	-0.00712241844516546	0.0325522383823213
PT0197Cx	Malawi	-0.00829916557320634	0.052903720230792
PT0198Cx	Malawi	-0.00686313004620437	0.0344472093672481
PT0199C	Malawi	-0.00646289489770759	0.0777981981460418
PT0199Cx	Malawi	-0.00646289489770759	0.0777981981460417
PT0200C	Malawi	0.0116076985808723	0.0247019474627983
PT0201C	Malawi	-0.00211941227762802	0.0452346640779182
PT0201Cx	Malawi	-0.00211941227762802	0.0452346640779182
PT0202Cx	Malawi	-0.00180374893409247	0.0359596709717466
PT0203C	Malawi	0.00580356076852256	0.100974429116507
PT0203Cx	Malawi	0.00580356076852255	0.100974429116507
PT0204C	Malawi	0.0148893794763982	0.105656807999155
PT0204Cx	Malawi	0.0148893794763982	0.105656807999155
PT0205C	Malawi	0.00181929754468819	0.0541690064433767
PT0206C	Malawi	-0.021824105222844	0.0438098245642557
PT0206Cx	Malawi	-0.021824105222844	0.0438098245642557
PT0207Cx	Malawi	-0.00595230435796232	0.0326510630003624
PT0208C	Malawi	-0.00506116044500968	0.0400670959226321
PT0208Cx	Malawi	-0.00506116044500968	0.0400670959226321
PT0209C	Malawi	-0.00346213387594533	0.0504874062140944
PT0209Cx	Malawi	-0.00346213387594533	0.0504874062140944
PT0210C	Malawi	0.00497733725209991	0.0560859536650664
PT0210Cx	Malawi	0.0049773372520999	0.0560859536650664
PT0211Cx	Malawi	-0.00648384447005764	0.0467529084285443
PT0212C	Malawi	-0.0116041358721477	0.0472633446664373
PT0212Cx	Malawi	-0.0116041358721477	0.0472633446664373
PT0213C	Malawi	-0.00809742723298155	0.0343766925841962
PT0214Cx	Malawi	0.00607010034511915	0.0428104854059824
PT0215C	Malawi	-0.0136042764720165	0.0423147224697204
PT0216C	Malawi	-0.0112994547789854	0.0326652730733387
PT0216Cx	Malawi	-0.0112994547789854	0.0326652730733387
PT0217C	Malawi	-0.0146057759160758	0.024221660603559
PT0218Cx	Malawi	-0.0067031181892666	0.0421217344928168
PT0219C	Malawi	-0.0072482297583641	0.0547622047181059
PT0219Cx	Malawi	-0.0072482297583641	0.054762204718106
PT0220C	Malawi	-0.00902859890433234	0.0334119716762249
PT0220Cx	Malawi	-0.00902859890433235	0.0334119716762249
PT0221C	Malawi	-0.00985147211831638	0.0433299487887059
PT0221Cx	Malawi	-0.00985147211831638	0.0433299487887059
PT0222C	Malawi	-0.0198688830129583	0.0686892731857082
PT0222Cx	Malawi	-0.0198688830129583	0.0686892731857082
PT0223Cx	Malawi	-0.00874612896971839	0.0385931960653202
PT0224C	Malawi	0.00486887332286237	0.0413315418611009
PT0226Cx	Malawi	-0.000368464297083059	0.0410174082036587
PT0227C	Malawi	-0.00644979009076006	0.0324237291713197
PT0230C	Malawi	-0.0310455146817627	0.0516462385579282
PT0230Cx	Malawi	-0.0310455146817627	0.0516462385579282
PT0231C	Malawi	0.00488332999653731	0.0857877135487947
PT0232C	Malawi	-0.00549435184780414	0.0378900112266974
PT0233C	Malawi	-0.00414079886562143	0.0371650576858583
PT0233Cx	Malawi	-0.00414079886562143	0.0371650576858583
PT0234C	Malawi	-0.0118166129324321	0.0455809787467917
PT0234Cx	Malawi	-0.0118166129324321	0.0455809787467917
PT0235Cx	Malawi	-0.00108389229047112	0.0564744530327243
PT0236C	Malawi	0.00304185445983189	0.061946532867322
PT0237C	Malawi	-0.00045906283171005	0.0261044231114362
PT0237Cx	Malawi	-0.000459062831710053	0.0261044231114362
PT0238C	Malawi	-0.0174742105450293	0.0421098617233076
PT0238Cx	Malawi	-0.0174742105450293	0.0421098617233076
PT0239Cx	Malawi	-0.0058425635757527	0.00922213424160579
PT0240Cx	Malawi	-0.00192764697421919	0.026880978535532
PT0241Cx	Malawi	-0.000488908592901968	0.0741849165693668
PT0242C	Malawi	-0.0112479802507228	0.0825184993190676
PT0242Cx	Malawi	-0.0112479802507228	0.0825184993190676
PT0243C	Malawi	-0.00588715219139264	0.0442400935538453
PT0243Cx	Malawi	-0.00588715219139263	0.0442400935538453
PT0244C	Malawi	-0.0108583732960449	0.026976619228447
PT0247C	Malawi	0.00603684950993976	0.0503746107811785
PT0248C	Malawi	-0.00924917010928636	0.042864894829593
PT0248Cx	Malawi	-0.00924917010928636	0.042864894829593
PT0249C	Malawi	-0.0158835363208599	0.0307151803509352
PT0249Cx	Malawi	-0.0158835363208599	0.0307151803509352
PT0250C	Malawi	0.000224664373408371	0.0865545288066098
PT0250Cx	Malawi	0.000224664373408369	0.0865545288066098
PT0252C	Malawi	-0.00194553901961547	0.0419341860334704
PT0252Cx	Malawi	-0.00194553901961547	0.0419341860334704
PT0253Cx	Malawi	0.00800071772657613	0.0235259797818407
PT0255C	Malawi	-0.00804509651999924	0.0724497597433727
PT0255Cx	Malawi	-0.00804509651999924	0.0724497597433727
PT0256C	Malawi	-0.013602328787048	0.0447849948887374
PT0256Cx	Malawi	-0.013602328787048	0.0447849948887374
PT0257C	Malawi	0.00356795816494376	0.0658536387011877
PT0258C	Malawi	0.0106143175747023	0.0927332575370259
PT0258Cx	Malawi	0.0106143175747023	0.0927332575370258
PT0260C	Malawi	0.00169090810227206	0.0460674801148784
PT0261Cx	Malawi	-0.00735722360138928	0.0290056453620006
PT0262C	Malawi	-0.0177963653678005	0.0544592914783056
PT0262Cx	Malawi	-0.0177963653678005	0.0544592914783056
PT0263Cx	Malawi	-0.0110865488381701	0.0439675518965729
PT0264C	Malawi	-0.00239560624373766	0.0679694379787849
PT0264Cx	Malawi	-0.00239560624373765	0.0679694379787849
PT0269C	Malawi	-0.0124354243348886	0.0544084648530598
PT0270C	Malawi	-0.0210076323981367	0.0364413574402726
PT0270Cx	Malawi	-0.0210076323981367	0.0364413574402726
PT0271C	Malawi	-0.0244676582492913	0.0482810497444208
PT0271Cx	Malawi	-0.0244676582492913	0.0482810497444208
PT0273C	Malawi	0.00456874859204063	0.0516451064424013
PT0274C	Malawi	0.0166939598025242	0.0594129404044391
PT0274Cx	Malawi	0.0166939598025242	0.0594129404044391
PT0275C	Malawi	-0.0105879798107697	-0.00351976772694666
PT0276C	Malawi	0.00453214954365784	0.0816177606716038
PT0276Cx	Malawi	0.00453214954365784	0.0816177606716038
PT0277C	Malawi	-0.0011854448679088	0.0360753444018386
PT0279C	Malawi	-0.00927440077564981	0.0393917299101022
PT0279Cx	Malawi	-0.00927440077564981	0.0393917299101022
PT0280C	Malawi	-0.0123435903817068	0.0372431351582453
PT0280Cx	Malawi	-0.0123435903817068	0.0372431351582453
PT0281C	Malawi	-0.0157441441710452	0.0336968998745774
PT0284C	Malawi	-0.0115909343251758	0.0168892660946488
PT0285C	Malawi	0.158411555519996	0.0463126730708466
PT0286C	Malawi	-0.0117728475953268	0.0384633142853367
PT0290C	Malawi	-0.00495317065798421	0.0342741583213544
PT0291C	Malawi	0.000788385151966903	0.0259207328067872
PT0292C	Malawi	-0.00596946781749165	0.0363164730734426
PT0292Cx	Malawi	-0.00596946781749165	0.0363164730734426
PT0295C	Malawi	-0.00880793944396726	0.0243037759401933
PT0296C	Malawi	0.000396452188811104	0.049364857413594
PT0297C	Malawi	-0.00989957694118817	0.0348495383753305
PT0298C	Malawi	-0.00396466381229268	0.0325083671130311
PT0298Cx	Malawi	-0.00396466381229268	0.0325083671130311
PT0300Cx	Malawi	0.000997948336580518	0.0342178641462988
PT0301C	Malawi	-0.00632193604857569	0.0551627298464102
PT0301Cx	Malawi	-0.00632193604857572	0.0551627298464102
PT0302Cx	Malawi	0.408844078121353	0.016349466337996
PT0303C	Malawi	-0.0112050616401385	0.0580471520600564
PT0303Cx	Malawi	-0.0112050616401385	0.0580471520600564
PT0304C	Malawi	-0.0135257062666819	0.0186738772370401
PT0304Cx	Malawi	-0.0135257062666819	0.0186738772370401
QG0182C	Congo DR	0.00738613571483457	-0.0394362187754968
QG0183C	Congo DR	0.0137924746855765	-0.0446402650771583
QG0184C	Congo DR	-0.00295639961109998	-0.0535573225931408
QG0185C	Congo DR	-0.000787445275116241	-0.04307514393206
QG0186C	Congo DR	0.00161281766214981	-0.0526123152377583
QG0187C	Congo DR	0.00500782072524917	-0.0471333609793599
QG0188C	Congo DR	0.000705376015355297	-0.0475155242794179
QG0189C	Congo DR	0.00455637412324164	-0.0329744015444903
QG0190C	Congo DR	0.00994994733399941	-0.029547884120283
QG0191C	Congo DR	0.00415510537828318	-0.044201393280612
QG0192C	Congo DR	0.00233150351258289	-0.0335732469652595
QG0193C	Congo DR	0.00323248942221893	-0.0279116095604921
QG0194C	Congo DR	0.00125128256975133	-0.0386314461457875
QG0195C	Congo DR	0.00106886336552593	-0.0345855919326523
QG0196C	Congo DR	-0.00144184526789288	-0.0417490355916799
QG0197C	Congo DR	0.00194835629794141	-0.0366904293001107
QG0198C	Congo DR	0.00739799447633546	-0.0403068665164031
QG0200C	Congo DR	-0.00508317305867219	-0.0316852801252755
QG0201C	Congo DR	0.00619351745535416	-0.0423525557575074
QG0202C	Congo DR	0.0093441461356287	-0.0572620125165583
QG0203C	Congo DR	0.00784490280455611	-0.0338396098034398
QG0204C	Congo DR	0.0010089024772305	-0.0473171699486946
QG0205C	Congo DR	0.00289903973280443	-0.0366917313466648
QG0206C	Congo DR	0.00214006670314683	-0.0461824921420859
QG0207C	Congo DR	-3.68236824447816e-05	-0.0351054348862817
QG0208C	Congo DR	0.00393366665842267	-0.0385644994122903
QG0209C	Congo DR	0.0180389327021692	-0.0643295741237822
QG0210C	Congo DR	-0.00225995087576002	-0.0349821021469816
QG0211C	Congo DR	0.00320154757132459	-0.0444090564078502
QG0212C	Congo DR	0.013169541208172	-0.042022725733569
QG0213C	Congo DR	0.0196136041151119	-0.0209916834394992
QG0214C	Congo DR	0.00093986253124081	-0.0562809408836001
QG0215C	Congo DR	-7.94977270129769e-05	-0.0471926534795801
QG0216C	Congo DR	0.0148726677563711	-0.0251606248034566
QG0217C	Congo DR	0.00790969335011257	-0.039315005225049
QG0218C	Congo DR	-0.00186104424957028	-0.0456890700279123
QG0219C	Congo DR	-0.000268765034016709	-0.0570194354881342
QG0224C	Congo DR	-0.00231028035815354	-0.0528779198486215
QG0225C	Congo DR	-0.000390341981670635	-0.0482052726788875
QG0226C	Congo DR	0.00048509693980377	-0.0427014195729577
QG0228C	Congo DR	0.00179447955940279	-0.0554031814019387
QG0229C	Congo DR	-0.00346449820575215	-0.0417927064816878
QG0230C	Congo DR	0.000893570624147548	-0.0465911823126416
QG0231C	Congo DR	-0.000769748536126261	-0.0387178750469469
QG0232C	Congo DR	0.00411705989780883	-0.0513042476306532
QG0233C	Congo DR	0.0180591368501404	-0.0487615988215628
QG0234C	Congo DR	0.00129997453264037	-0.0457918581725259
QG0235C	Congo DR	0.00124383694645683	-0.0374121147549157
QG0236C	Congo DR	-0.00477515814455155	-0.0451778893759925
QG0237C	Congo DR	0.000869268493882351	-0.0485441412775594
QG0238C	Congo DR	0.00620972412138959	-0.0435933501275103
QG0239C	Congo DR	-0.000894169780374901	-0.0542014434198009
QG0240C	Congo DR	-0.00136876358962168	-0.042762843863798
QG0241C	Congo DR	0.0158726460906823	-0.0429932730972163
QG0243C	Congo DR	-0.00114639432968481	-0.0383992685233364
QG0244C	Congo DR	0.011297410546912	-0.0374726589562294
QG0245C	Congo DR	0.0187333625199233	-0.0640060864081146
QG0246C	Congo DR	-0.00606548594923915	-0.0364294509227811
QG0247C	Congo DR	0.024343263356712	-0.0366758595361535
QG0248C	Congo DR	0.00334489041525805	-0.0465670824808317
QG0249C	Congo DR	0.00916258548154184	-0.0628835929113377
QG0250C	Congo DR	0.00744938967594172	-0.0677856296883843
QG0251C	Congo DR	0.0116647921942273	-0.0312120818039269
QG0252C	Congo DR	0.0107474580496064	-0.0432011969055165
QG0253C	Congo DR	0.00501649208002094	-0.0518602463690797
QG0254C	Congo DR	0.00147828894983073	-0.0603762006687254
QG0255C	Congo DR	0.0177809139686235	-0.0656551853041054
QG0256C	Congo DR	-0.0031248447829574	-0.0463550466110327
QG0257C	Congo DR	-0.00423246589486932	-0.0351882238075654
QG0258C	Congo DR	0.0229351535471066	-0.0440498189266347
QG0259C	Congo DR	-0.00377900145157324	-0.0372331605400058
QG0260C	Congo DR	0.0034296026697315	-0.044182984640162
QG0261C	Congo DR	0.00483780285668841	-0.0469878064208612
QG0262C	Congo DR	0.0044499954440206	-0.0538394644184684
QG0263C	Congo DR	-0.0033885262636781	-0.0459117156744184
QG0264C	Congo DR	0.0085122855975857	-0.0361869156963988
QG0265C	Congo DR	0.00947072831265036	-0.0412741576327942
QG0266C	Congo DR	0.0104666674170197	-0.0217203482024471
QG0267C	Congo DR	0.00392346643203525	-0.0420399992810095
QG0268C	Congo DR	-0.00256744032323268	-0.0526030509416596
QG0269C	Congo DR	0.00827078851534886	-0.0514404087025926
QG0270C	Congo DR	-0.00200035013910795	-0.0500859179927887
QG0271C	Congo DR	0.00632492592384321	-0.050304648637655
QG0273C	Congo DR	0.0091518397239275	-0.0464883657169756
QG0274C	Congo DR	-0.00153421893439021	-0.0547128252931802
QG0275C	Congo DR	0.0224674946104547	-0.0413255256240571
QG0276C	Congo DR	0.011415674995297	-0.0650071222334341
QG0277C	Congo DR	0.00730011647633276	-0.0309388453824373
QG0278C	Congo DR	0.0678897583198118	-0.0446418166332517
QG0279C	Congo DR	0.00167644452289167	-0.0374700822056197
QG0280C	Congo DR	-0.000392774213646493	-0.0462886393828898
QG0281C	Congo DR	0.00301274605093453	-0.055795376616721
QG0282C	Congo DR	0.00148191444562099	-0.0345565850050411
QG0284C	Congo DR	0.0226094831816955	-0.0237863568182612
QG0285C	Congo DR	0.00125930145081683	-0.0500217789288748
QG0286C	Congo DR	0.00158240977713787	-0.0370753002307512
QG0287C	Congo DR	0.0055646442204835	-0.0562199082277416
QG0288C	Congo DR	-0.0032450190259446	-0.0547669987974873
QG0289C	Congo DR	-0.00135431269489428	-0.049487217569921
QG0290C	Congo DR	-0.00127563564316061	-0.0482884682482715
QG0291C	Congo DR	0.00372522879286765	-0.0433831919575179
QG0292C	Congo DR	0.0024732108788299	-0.0666422839269554
QG0293C	Congo DR	0.00139568728881754	-0.0478274644086446
QG0294C	Congo DR	-0.00629158459058775	-0.052889449049372
QG0295C	Congo DR	0.011201374167711	-0.0465312844887538
QG0296C	Congo DR	0.00125414280374651	-0.0429608639708997
QG0297C	Congo DR	-0.00181479039043538	-0.0366794430506138
QG0298C	Congo DR	-0.00187093372468492	-0.0588913526315775
QG0299C	Congo DR	-0.00108490365119265	-0.0475040697914688
QG0300C	Congo DR	0.00410979597223749	-0.0435476054313505
