ccm_pca.sample.id	pop	EV1	EV2
PA0134C	Guinea	-0.0396662351831754	0.0171397088020754
PA0137C	Guinea	-0.0358503607922424	0.0144287067548401
PA0138C	Guinea	-0.053183225531336	0.000381138723318032
PA0140C	Guinea	-0.0316982311646903	0.00891917573690618
PA0144C	Guinea	-0.0395980213069391	0.0140242504671548
PA0145C	Guinea	-0.0434506711424822	0.00924767455437797
PA0146C	Guinea	-0.0402538299762468	0.014805445918552
PA0147C	Guinea	-0.054301416431074	-0.0176220718300464
PA0148C	Guinea	-0.0352740480406137	0.0191163615179836
PA0149C	Guinea	-0.0382135289185008	0.0134293675505619
PA0151C	Guinea	-0.0396364921380583	0.0128061448163949
PA0152C	Guinea	-0.0437763440117887	0.00663745032434242
PA0153C	Guinea	-0.0361292588471487	0.0177962057724278
PA0155C	Guinea	-0.0473049063360235	-0.00628523766480246
PA0157C	Guinea	-0.0460242105631515	0.00356020786177929
PA0158C	Guinea	-0.0328238107976823	0.0198922440881564
PA0159C	Guinea	-0.0425587042134887	0.0080867253088415
PA0160C	Guinea	-0.0438736106597823	0.0070164562143662
PA0161C	Guinea	-0.0406467270577241	0.0138089374009796
PA0163C	Guinea	-0.0445127391183859	0.00953246956981287
PA0165C	Guinea	-0.0381471530288008	0.0113993989346568
PA0167C	Guinea	-0.0369774044597618	0.00371795073646632
PA0168C	Guinea	-0.0375615119588514	0.0218863527138156
PA0169C	Guinea	-0.108731769971615	-0.24317678469841
PA0171C	Guinea	-0.0348966869483359	0.0171382496419901
PA0172C	Guinea	-0.0375280283260865	0.012798932448004
PA0173C	Guinea	-0.0343672401760138	0.0189522499284002
PA0176C	Guinea	-0.0342534533625448	0.0160503319142001
PA0177C	Guinea	-0.0398064256220458	0.00998469569974058
PA0178C	Guinea	-0.0385715789624486	0.00935602079120942
PA0179C	Guinea	-0.0401818868565129	0.00445374481666399
PA0180C	Guinea	-0.0355642811727301	0.00754026016932132
PA0182C	Guinea	-0.0257257528040587	0.0187198011827027
PA0183C	Guinea	-0.0501968286694344	-0.000950412716065295
PA0184C	Guinea	-0.0350490666973636	0.00847832165361896
PA0185C	Guinea	-0.0993118508387885	-0.195003796442866
PA0186C	Guinea	-0.040787795586841	0.0138949666592205
PA0187C	Guinea	-0.0366324324335232	0.0207788177825223
PA0188C	Guinea	-0.0333499840611509	0.0145153800396448
PA0189C	Guinea	-0.0345236238805077	0.02014856575731
PA0190C	Guinea	-0.0466241853450909	0.0103942418566842
PA0191C	Guinea	-0.03904420491976	0.013330151698611
PA0193C	Guinea	-0.0342155266417695	0.0156721392229052
PA0195C	Guinea	-0.0390468409101268	0.0085761367782516
PA0197C	Guinea	-0.038427101155724	0.0141887741692287
PA0198C	Guinea	-0.030738195526112	0.0163308250977056
PA0199C	Guinea	-0.0683323876032143	-0.100553101004411
PA0200C	Guinea	-0.0368080348179078	0.0146775455117066
PA0201C	Guinea	-0.0383135796838679	0.012098365079875
PA0202C	Guinea	-0.0368562675581774	0.0122440391883797
PA0203C	Guinea	-0.045188388601061	0.0144420229421785
PA0204C	Guinea	-0.0422649588846389	0.0175175869795104
PA0205C	Guinea	-0.0345157033576489	0.016991155774644
PA0206C	Guinea	-0.039386652329729	0.0187916517943329
PA0207C	Guinea	-0.0373688160448715	0.0292491945010308
PA0208C	Guinea	-0.0327442281431595	0.00604253757181287
PA0209C	Guinea	-0.0343330944936077	0.0136765369372958
PA0210C	Guinea	-0.0436992022470945	0.0126278802175496
PA0211C	Guinea	-0.0346543704635356	0.017086886262641
PA0212C	Guinea	-0.0440979755232158	0.00784287648859137
PA0213C	Guinea	-0.0354816464175435	0.0127037434640423
PA0214C	Guinea	-0.0359818794065912	0.0073310173964472
PA0215C	Guinea	-0.102022142967071	-0.205368747340661
PA0216C	Guinea	-0.0388891097733731	0.0219557945196497
PA0217C	Guinea	-0.0383066548963091	0.00618162686807805
PA0218C	Guinea	-0.0358332441116401	0.0121564650763025
PA0219C	Guinea	-0.133370900020311	-0.296445309253284
PA0220C	Guinea	-0.0392192139506169	0.0149088644398862
PA0221C	Guinea	-0.0430301407378791	0.0245767946777263
PA0222C	Guinea	-0.0488201795720265	0.00759092856221181
PA0223C	Guinea	-0.125965235208245	-0.280080271844369
PA0224C	Guinea	-0.0450499199184337	0.0168243030453386
PA0225C	Guinea	-0.0365663635465381	0.0118612610770091
PA0227C	Guinea	-0.045330320892105	0.00947492285993085
PA0228C	Guinea	-0.0353080224263125	0.00989871088281956
PA0229C	Guinea	-0.038547700533638	0.0124056579113882
PA0230C	Guinea	-0.0788580965240887	-0.0964336116884821
PA0231C	Guinea	-0.0506868214483641	0.0149461375452179
PA0232C	Guinea	-0.0424407110450031	0.00681314907992383
PA0233C	Guinea	-0.0503028489287699	0.0102338004030488
PA0234C	Guinea	-0.043491559572424	0.00751151034291548
PA0237C	Guinea	-0.0427688572407594	0.0175510291550467
PA0239C	Guinea	-0.0490276277339646	0.00821031312520088
PA0243C	Guinea	-0.0487354915292813	0.00715421671987402
PA0245C	Guinea	-0.0392702634157309	0.015450082503512
PA0246C	Guinea	-0.0319437012676077	0.0228972062840615
PA0249C	Guinea	-0.0437364311527436	0.0107942230393514
PA0251C	Guinea	-0.0295834998568107	0.0154832539253586
PA0253C	Guinea	-0.044900380475415	0.00977167673732614
PA0254C	Guinea	-0.0400759462752254	0.0211713569444592
PA0255C	Guinea	-0.0386423818715413	0.0145397337487168
PA0256C	Guinea	-0.03878946909056	0.00595350789795984
PA0257C	Guinea	-0.0462560306267997	0.00996586219693771
PA0260C	Guinea	-0.0358097018698219	0.0145004382242418
PA0261C	Guinea	-0.0460116184779109	0.0148735649601899
PA0262C	Guinea	-0.0447846738317263	0.00184480914674352
PA0263C	Guinea	-0.0397789550789885	0.00720088690040891
PA0267C	Guinea	-0.033947471547503	0.0208192736462355
PA0269C	Guinea	-0.0822312901730526	-0.143853724537458
PA0270C	Guinea	-0.0334669444996806	0.0177000453823897
PE0002CW	Tanzania	0.0246488564882201	-0.00903156138109637
PE0009C	Tanzania	0.0171195993223614	-0.00872796435355091
PE0010C	Tanzania	0.0249588627141565	-0.0126778591732137
PE0011C	Tanzania	0.0307237758599281	-0.0148088866806919
PE0012C	Tanzania	0.0236494309066408	0.000461941345924323
PE0013C	Tanzania	0.0260115775531854	-0.0198443882975494
PE0016C	Tanzania	0.0292536103457998	-0.0113810320408051
PE0017C	Tanzania	0.0270670474916371	-0.0122874163211301
PE0018C	Tanzania	0.0327529985864714	-0.0138923916191785
PE0019C	Tanzania	0.0234298111150123	0.0006489866663018
PE0020C	Tanzania	0.0255076983901767	-0.000759442994256063
PE0021C	Tanzania	0.0260432183451873	-0.00776348727001355
PE0022C	Tanzania	0.0280557474479417	-0.0097870892346744
PE0023C	Tanzania	0.0193823047460034	-0.00297875515917558
PE0024C	Tanzania	0.0239933446594248	-0.00272158515181622
PE0025C	Tanzania	0.0218706456751413	-0.0112050667083064
PE0027C	Tanzania	0.0235976523819443	-0.0131531705002213
PE0028C	Tanzania	0.02724420521172	-0.00735763035429176
PE0030C	Tanzania	0.0265503444646137	-0.0114157651618169
PE0087C	Tanzania	0.0185852099251047	-0.00050774358055911
PE0088C	Tanzania	0.0231149217899638	-0.00150132525890307
PE0089C	Tanzania	0.0265860379627442	-0.0151055720307277
PE0090C	Tanzania	0.029767751856556	-0.008127439955858
PE0091C	Tanzania	0.0227083730705959	-0.00803134757318945
PE0092C	Tanzania	0.0240752902444313	-0.0207884160680493
PE0093C	Tanzania	0.0338031629991779	-0.022235602907871
PE0096C	Tanzania	0.0211653927126519	-0.00273728648783893
PE0098C	Tanzania	0.0270465536342746	-0.00721049201986548
PE0102C	Tanzania	0.0293714482919415	-0.00732306993754355
PE0103C	Tanzania	0.0221446971855136	-0.0169081534104755
PE0105C	Tanzania	0.0213138571070167	-0.00426775055343074
PE0108C	Tanzania	0.023204677515638	-0.00203001630058408
PE0109C	Tanzania	0.0179346273670349	-0.00696831960980995
PE0111C	Tanzania	0.0271560616327761	0.00607090996562861
PE0113C	Tanzania	0.0205580314483607	-0.00829073906889006
PE0114C	Tanzania	0.0259204634961076	-0.00471391738977983
PE0115C	Tanzania	0.0272027212496736	0.000581352499524336
PE0116C	Tanzania	0.0203802086818555	-0.00592032991850214
PE0117C	Tanzania	0.0247597052919447	-0.0104975046067684
PE0119C	Tanzania	0.0214719533604105	-0.00356691379970595
PE0121C	Tanzania	-0.0287910227564063	-0.116246523777039
PE0122C	Tanzania	0.0257285245025678	-0.00606076365784403
PE0123C	Tanzania	0.0209430297114923	-0.00532175587288137
PE0124C	Tanzania	0.0229017479982029	-0.00356337913853112
PE0125C	Tanzania	0.0215403140344008	-0.00739421013115194
PE0126C	Tanzania	0.0366676408043095	-0.00470645790396067
PE0127C	Tanzania	0.02016189532755	-0.00889144753364235
PE0128C	Tanzania	0.0290274248492056	-0.0109080820656639
PE0129C	Tanzania	0.0265728491022538	-0.00551802370026136
PE0130C	Tanzania	0.0290540059268698	-0.0124483280358517
PE0131C	Tanzania	0.0308017119676164	-0.0155613985561191
PE0132C	Tanzania	0.0279836623784528	-0.0140965372634985
PE0133C	Tanzania	0.0274044728399572	-0.0119151614209209
PE0134C	Tanzania	0.0295392190524479	-0.00669882398052011
PE0135C	Tanzania	0.0322521257306705	-0.0158186930467094
PE0136C	Tanzania	0.0268223617423249	-0.00265153821269757
PE0137C	Tanzania	0.0211272985282217	-0.0125249229473815
PE0138C	Tanzania	0.0181078331537806	-0.0233991911074399
PE0139C	Tanzania	0.0238105241889821	-0.0303022706610904
PE0140C	Tanzania	0.0193316589586627	-0.00259018998278581
PE0141C	Tanzania	0.0236023809376936	-0.0163132709550657
PE0142C	Tanzania	0.0288097675754982	-0.00860277174227251
PE0143C	Tanzania	0.0257619623578671	-0.00378933380504882
PE0144C	Tanzania	0.027098102275077	-0.00617307512498719
PE0145C	Tanzania	0.0284195888383891	-0.00543735700575024
PE0146C	Tanzania	0.0259041174654195	-0.00997531220369089
PE0147C	Tanzania	0.0281091350519289	-0.00157137916335512
PE0148C	Tanzania	0.0264653497386229	-0.0109940921511226
PF0007C	Ghana	-0.0294447965735647	0.0275009051149907
PF0012C	Ghana	-0.0354336650302182	0.01821327589509
PF0016C	Ghana	-0.031679920000055	0.0222880993893442
PF0020C	Ghana	-0.0331185936007514	0.0281366166690689
PF0022C	Ghana	-0.0377032401779194	0.0212337855261234
PF0024C	Ghana	-0.0394107671373538	0.0218882126745873
PF0026C	Ghana	-0.031289427373589	0.0180674305591041
PF0027C	Ghana	-0.0348246172904754	0.0243425336550482
PF0029C	Ghana	-0.0381533951173239	0.0196148848246356
PF0033C	Ghana	-0.0372685501169315	0.0212514768222211
PF0036C	Ghana	-0.0434641058983547	0.0237056797525544
PF0038C	Ghana	-0.0392799087171035	0.0137712143801385
PF0041C	Ghana	-0.0411205400853369	0.0273094100731987
PF0042C	Ghana	-0.029233371544678	0.0242499611575085
PF0049C	Ghana	-0.0460113004167861	0.0247193155373141
PF0051C	Ghana	-0.0396919654094359	0.00912345742276974
PF0054C	Ghana	-0.0373935202453071	0.016968427554164
PF0062C	Ghana	-0.03929404183724	0.0110139852375685
PF0075C	Ghana	-0.032295382103785	0.0230343262418804
PF0079C	Ghana	-0.0422585032236749	0.0231263921243754
PF0084C	Ghana	-0.046529283366346	0.0215383319866336
PF0090C	Ghana	-0.03768944646827	0.0238429790288288
PF0092C	Ghana	-0.0393763857258387	0.0291540161236721
PF0095C	Ghana	-0.0366154977196803	0.0288381004646909
PF0099C	Ghana	0.00984977283297774	-0.031416673326261
PF0101C	Ghana	-0.0361387545791117	0.0263608271899471
PF0102C	Ghana	-0.0368557338027202	0.0213417197773368
PF0103C	Ghana	-0.0359339672547965	0.0223667199161617
PF0107C	Ghana	-0.0402072946498716	0.0231781163027236
PF0108C	Ghana	-0.0458809713492936	0.015899857265996
PF0112C	Ghana	-0.0347582071771578	0.0246211959762205
PF0113C	Ghana	-0.0347186992285283	0.0271238579310656
PF0114C	Ghana	-0.0347805263101319	0.0231484891724685
PF0116C	Ghana	-0.0431117644572689	0.0223538554059014
PF0119C	Ghana	-0.0351844100749396	0.0276788400454354
PF0124C	Ghana	-0.0304084196611854	0.0238937009135258
PF0128C	Ghana	-0.0479618865150851	0.0231487961637302
PF0129C	Ghana	-0.0319423972664054	0.0257015507178382
PF0130C	Ghana	-0.0374314308999825	0.0255125398818496
PF0131C	Ghana	-0.0428890228773731	0.0245295956415975
PF0133C	Ghana	-0.0343031704035832	0.0279164941944703
PF0134C	Ghana	-0.0419177029483336	0.0244612670087406
PF0135C	Ghana	-0.0360409256502141	0.026299141443449
PF0141C	Ghana	-0.0419662213217022	0.0259877962203774
PF0144C	Ghana	-0.0335172158776196	0.0210618143140108
PF0145C	Ghana	-0.0357539349636161	0.0208835602647701
PF0146C	Ghana	-0.0306851925012008	0.021552797314473
PF0150C	Ghana	-0.0341930531882556	0.0262252929376972
PF0151C	Ghana	-0.0332377218801502	0.0224746986625698
PF0155C	Ghana	-0.04580807450546	0.0162812581380144
PF0160C	Ghana	-0.034816640762421	0.0228294751375333
PF0161C	Ghana	-0.0389841735402366	0.0181586891925278
PF0167C	Ghana	-0.0357961083943539	0.0272633579017984
PF0172C	Ghana	-0.0399063058148288	0.0278448215845406
PF0177C	Ghana	-0.0348853174037902	0.0185119303225227
PF0180C	Ghana	-0.0433653127067333	0.0188992463965926
PF0188C	Ghana	-0.0379361407607124	0.0265551342529794
PF0189C	Ghana	-0.0479117794019901	0.0153923502588341
PF0190C	Ghana	-0.0390333856117709	0.0224967298477957
PF0191C	Ghana	-0.03995609741001	0.0196855768021437
PF0195C	Ghana	-0.0406419085166524	0.0200684334208941
PF0202C	Ghana	-0.0408118087448956	0.0209330963998854
PF0203C	Ghana	-0.041820940291206	0.0152711742824242
PF0205C	Ghana	-0.039297757988401	0.0212314458799858
PF0207C	Ghana	-0.0383065018317078	0.02098532884255
PF0211C	Ghana	-0.0364626873386536	0.0252780229620196
PF0219C	Ghana	-0.034965440000648	0.0232103239923813
PF0221C	Ghana	-0.0365309172586244	0.0164708269215269
PF0222C	Ghana	-0.040090278494495	0.0223411715423389
PF0223C	Ghana	-0.0493410499199131	0.0202437017626593
PF0228C	Ghana	-0.0526466732914083	0.0216253491847902
PF0229C	Ghana	-0.0467804558931671	0.019272886802105
PF0230C	Ghana	-0.0439924953911674	0.0176359240963042
PF0234C	Ghana	-0.0453205554617361	0.0203163701778135
PF0239C	Ghana	-0.0424250422375706	0.0313096564792865
PF0245C	Ghana	-0.0424701329369414	0.0242317687573284
PF0248C	Ghana	-0.0407112781271095	0.0204376131299656
PF0249C	Ghana	-0.0413937362399891	0.0205777455816955
PF0253C	Ghana	-0.0301377588025853	0.0264148421751886
PF0254C	Ghana	-0.0439694623132818	0.0177001332500932
PF0255C	Ghana	-0.0369981480695422	0.027359406265814
PF0256C	Ghana	-0.0356479590826907	0.0255461461592843
PF0258C	Ghana	-0.0386551335223335	0.0210783016103429
PF0260C	Ghana	-0.0407393278007951	0.0218438346939111
PF0261C	Ghana	-0.039256258791817	0.0272734776468006
PF0263C	Ghana	-0.039034033855676	0.0291601741975463
PF0264C	Ghana	-0.0407929486450791	0.0223523630283095
PF0266C	Ghana	-0.0317957552932326	0.0243521882999495
PF0268C	Ghana	-0.0310116576619862	0.0243784248973273
PF0272C	Ghana	-0.0380081984510987	0.0200534492295874
PF0275C	Ghana	-0.0311569575545072	0.0276096936380938
PF0277C	Ghana	-0.0331345266631636	0.026084033928602
PF0280C	Ghana	-0.0408312742381091	0.0220140728082314
PF0281C	Ghana	-0.0388110420020677	0.0173668673690577
PF0285C	Ghana	-0.0424491699259534	0.0187434885555141
PF0287C	Ghana	-0.0535475196390031	0.0297647227714222
PF0288C	Ghana	-0.0399782923551884	0.0149594293148651
PF0298C	Ghana	-0.0427109779236683	0.032918387085928
PF0299C	Ghana	-0.0398025554292459	0.0252261881147835
PF0301C	Ghana	-0.0336703431143324	0.0263689987417087
PF0305C	Ghana	-0.0345062265767752	0.0198871536654421
PF0310C	Ghana	-0.0408495484398525	0.0349222496842893
PF0314C	Ghana	-0.0330130631524567	0.030241474818838
PF0318C	Ghana	-0.0389289575120067	0.0174399751077558
PF0321C	Ghana	-0.0377273578551398	0.020974985662042
PF0329C	Ghana	-0.0440012320649118	0.0264991231883013
PF0330C	Ghana	-0.0416618820337289	0.0186449347156911
PF0333C	Ghana	-0.0271701825368749	0.0219993863445941
PF0334C	Ghana	-0.0401555971860162	0.0238030427717223
PF0337C	Ghana	-0.0391280826772788	0.0261194039545638
PF0341C	Ghana	-0.0355542862572009	0.0228079611159685
PF0350C	Ghana	-0.0377502488036543	0.0214701572803329
PF0353C	Ghana	-0.0395507101425613	0.0273882253621837
PF0359C	Ghana	-0.0352728791628508	0.0282575100809149
PF0361C	Ghana	-0.046918150021414	0.0146355777331942
PF0370C	Ghana	-0.0392209059054098	0.0137114435376869
PF0376C	Ghana	-0.051001237761172	0.00296374517626858
PF0378C	Ghana	-0.0368861626777659	0.0225389870336349
PF0380C	Ghana	-0.0477134037499377	0.0209918668265758
PF0381C	Ghana	-0.0403889372423183	0.00988153363111475
PF0383C	Ghana	-0.0370889364444051	0.0256820022208983
PF0385C	Ghana	-0.0335235461778905	0.0257250807885601
PF0388C	Ghana	-0.050376927778584	0.0200792209798222
PF0389C	Ghana	-0.041221837069093	0.0257519955173642
PF0395C	Ghana	-0.0396450071617702	0.0163792209802
PF0399C	Ghana	-0.0961911458870343	-0.179762560012774
PF0409C	Ghana	-0.0383523745714221	0.024239213913782
PF0410CW	Ghana	-0.0391139131362107	0.0208933113419347
PF0412C	Ghana	-0.0644770216384813	-0.0637878697035712
PF0414C	Ghana	-0.0322568483034966	0.0269028933832015
PF0417C	Ghana	-0.0349555431038029	0.0150223523209749
PF0419C	Ghana	-0.0312783889682917	0.0266042143556116
PF0421C	Ghana	-0.0436697600792637	0.0164092688110076
PF0422C	Ghana	-0.0419238546535143	0.026632717864118
PF0424C	Ghana	-0.034811929401893	0.0256945169312011
PF0427C	Ghana	-0.0389918824842384	0.0229779893722098
PF0434C	Ghana	-0.0342811985924427	0.0238461678817571
PF0440C	Ghana	-0.0406266514353205	0.024841145912157
PF0441CW	Ghana	-0.0410287251016063	0.0259942265519858
PF0446CW	Ghana	-0.0360511953145677	0.0208232758729557
PF0451C	Ghana	-0.0305660306376152	0.0244630481525216
PF0456C	Ghana	-0.117103371589642	-0.243236896962247
PF0461C	Ghana	-0.0389023420425922	0.0197309647308449
PF0472C	Ghana	-0.0377594695828466	0.0243212435638587
PF0478C	Ghana	-0.0471354248613891	0.0238995549901368
PF0482C	Ghana	-0.0417724750991207	0.017274729649048
PF0484C	Ghana	-0.0352189219992526	0.0198791134671908
PF0486C	Ghana	-0.0387131230949223	0.0219179006914074
PF0489C	Ghana	-0.0424690201977388	0.032374967781479
PF0491C	Ghana	-0.0427521198528443	0.0240256775596173
PF0494C	Ghana	-0.0629314460702395	-0.10523269880415
PF0499C	Ghana	-0.0387959260613196	0.02054613924592
PF0511C	Ghana	-0.0349287249615122	0.0236046914532299
PF0513C	Ghana	-0.0421364462670325	0.0186557378261895
PF0524C	Ghana	-0.0371198348854011	0.0236383770952949
PF0539C	Ghana	-0.0274346859491677	0.0199517101013718
PF0556Cx	Ghana	-0.0373010512005131	0.0240328575230289
PF0557Cx	Ghana	-0.0361384848607621	0.0197676575889448
PF0559C	Ghana	-0.0481392088176224	0.0200807079347895
PF0559Cx	Ghana	-0.0481392088176224	0.0200807079347894
PF0560C	Ghana	-0.0442688553541651	0.0250148790017169
PF0578C	Ghana	-0.0430593736340918	0.0241691602490222
PF0578Cx	Ghana	-0.0430593736340917	0.0241691602490222
PF0579C	Ghana	-0.041380177008136	0.0198539079442578
PF0583C	Ghana	-0.0372153515797622	0.0211585035226629
PF0584C	Ghana	-0.0416252554964047	0.0251455699700083
PF0590C	Ghana	-0.044023968401769	0.0262392713382604
PF0590Cx	Ghana	-0.044023968401769	0.0262392713382604
PF0597C	Ghana	-0.0369354127546437	0.0276254918135573
PF0614C	Ghana	-0.0397467863013368	0.0229061108146835
PF0617C	Ghana	-0.0353145831322789	0.0245226001110719
PF0619C	Ghana	-0.0437976119423658	0.0165310321329912
PF0621C	Ghana	-0.0339614843157473	0.0220580435060156
PF0625C	Ghana	-0.042041080973882	0.0293861870893887
PF0627C	Ghana	-0.0402366123411858	0.0198742831594186
PF0629C	Ghana	-0.033201425894583	0.0249844511059601
PF0632C	Ghana	-0.0384622831338531	0.0190809909236827
PF0635C	Ghana	-0.0400138209538689	0.0257917516947935
PF0643C	Ghana	-0.0429846754963169	0.0150554866814799
PF0661C	Ghana	-0.039267737576025	0.0217671511785211
PF0666C	Ghana	-0.041082883780102	0.0113969876092588
PF0668C	Ghana	-0.0489924051730988	0.0191655189338934
PF0669C	Ghana	-0.0391904870022817	0.0214536901124755
PF0670C	Ghana	-0.0394923844242199	-0.00249154415602764
PF0675C	Ghana	-0.0439571250382868	0.0170532749765197
PF0678C	Ghana	-0.0415807476697902	0.0142289817004003
PF0681C	Ghana	-0.0403842011599319	0.0237069672260963
PF0682C	Ghana	-0.0358282381774578	0.0264332903592122
PF0686C	Ghana	-0.0342970242145252	0.026167885019793
PF0689C	Ghana	-0.0438471259927541	0.0216260552803059
PF0692C	Ghana	-0.0329568155657953	0.0172051300997092
PF0694C	Ghana	-0.036431883185326	0.0214556842299017
PF0697C	Ghana	-0.0328507399631854	0.0256702343153643
PF0700C	Ghana	-0.0384580685043786	0.025221850248762
PF0701C	Ghana	-0.0309228395848562	0.0220870372337099
PF0703C	Ghana	-0.0467015332930059	0.0265031895733093
PF0704C	Ghana	-0.0407140997247192	0.0237783227399955
PF0708C	Ghana	-0.0365901526978312	0.0231802666998114
PF0711C	Ghana	-0.0359266488570551	0.0189256937661969
PF0715C	Ghana	-0.0319668655392051	0.029285253353735
PF0722C	Ghana	-0.0425127903775347	0.0286315703759077
PF0724C	Ghana	-0.0403719773996702	0.0233121407814899
PF0725C	Ghana	-0.0367059495312778	0.0282322419898525
PF0727C	Ghana	-0.037730147085117	0.0246493499985167
PF0729C	Ghana	-0.040442994795958	0.0235224967900404
PF0730C	Ghana	-0.036620858298906	0.021482154444007
PF0731C	Ghana	-0.039464495555409	0.0213695145200159
PF0732C	Ghana	-0.0345573446072489	0.0189495397560203
PF0735C	Ghana	-0.0453694857777936	0.0189823706515091
PF0739C	Ghana	-0.0379819404473294	0.0205213776521568
PF0740C	Ghana	-0.0407821229087026	0.0144638191814253
PF0743C	Ghana	-0.028583416758191	0.0286883044870854
PF0748C	Ghana	-0.0415572574795785	0.0209512760594285
PF0751C	Ghana	-0.0390141285646289	0.0255798842680649
PF0753C	Ghana	-0.0308717216272279	0.0218514459003289
PF0754C	Ghana	-0.0339221404548847	0.0219288621076516
PF0755C	Ghana	-0.0373186006678782	0.0248222039770811
PF0756C	Ghana	-0.038791052977346	0.0165694720887238
PF0767C	Ghana	-0.0382558433314732	0.0315802046914078
PF0769C	Ghana	-0.0401051705756349	0.0152871172046427
PF0780C	Ghana	-0.0356468584468489	0.0268655640220414
PF0783C	Ghana	-0.0315427395529471	0.0240134294367722
PF0787C	Ghana	-0.0362600394883015	0.0248347342933065
PF0789C	Ghana	-0.0324636126826844	0.0218200665343679
PF0793C	Ghana	-0.0374373783357612	0.0223343412830433
PF0798C	Ghana	-0.0400842983238204	0.0288130750405545
PF0801C	Ghana	-0.0402835448067005	0.0218360060201108
PF0803C	Ghana	-0.0400250515047806	0.0269863597701117
PF0804C	Ghana	-0.0319145960577962	0.0216885753393178
PF0809C	Ghana	-0.0361858084110892	0.0221487439974506
PF0811C	Ghana	-0.043196325560576	0.0206506234154022
PF0814C	Ghana	-0.0327732594896005	0.0269405474807959
PF0816C	Ghana	-0.0391686321459616	0.0202683877031733
PF0819C	Ghana	-0.0514050238124565	0.0184517644106401
PT0001CW	Malawi	0.0261186598965498	-0.00523013649988535
PT0002CW	Malawi	0.0288674362200966	-0.00662761041488773
PT0004CW	Malawi	0.0277504499052933	-0.00210060657402177
PT0005CW	Malawi	0.0253106333651015	0.000634597087076393
PT0006CW	Malawi	0.0304622214519385	-0.00351506087265937
PT0008CW	Malawi	0.0263411183439636	-0.0143766023459773
PT0010CW	Malawi	0.0307127391427502	-0.00914759236131063
PT0013CW	Malawi	0.0306965859519532	-0.0103697004928547
PT0014CW	Malawi	0.026653507294026	-0.00679996311769572
PT0016CW	Malawi	0.0248991911465052	-0.00562301116596121
PT0017CW	Malawi	0.0290814083265548	-0.00413540870259292
PT0018CW	Malawi	0.0314645750521438	6.26819510021673e-05
PT0020CW	Malawi	0.0215665518688149	-0.00381348247270012
PT0021CW	Malawi	0.0270947510526646	-0.00313799801563605
PT0023CW	Malawi	0.0286627828608956	-0.0063383682902429
PT0027C	Malawi	0.0251502187215265	-0.00631080281169049
PT0029C	Malawi	0.027430301240376	-0.00539979087467557
PT0031C	Malawi	0.0300981732628277	-0.0143125176024529
PT0039C	Malawi	0.0259811856848939	0.00346107534673226
PT0040C	Malawi	0.0236915624389464	-0.00793147436179156
PT0041C	Malawi	0.0293813457023942	-0.00562012115095445
PT0042C	Malawi	0.0323786928653923	-0.00513525399245248
PT0043C	Malawi	0.0293796984488044	-0.0110719588267462
PT0044C	Malawi	0.0254821594145447	-0.00647170787509659
PT0046C	Malawi	0.0300047964111505	-0.00790851263223393
PT0051C	Malawi	0.0286501704168823	-0.0179545875251919
PT0052C	Malawi	0.0284338171067354	-0.000202257966535617
PT0056C	Malawi	0.0272769231032447	-0.000814061754753354
PT0057C	Malawi	0.0297286937435562	-0.00730659698026575
PT0058C	Malawi	0.043479558356479	-0.00472217855315555
PT0059C	Malawi	0.0318560539865321	-0.00854608749809935
PT0060C	Malawi	0.0236311137878761	-0.00704606504352359
PT0061C	Malawi	0.0310867939454284	-0.00783949280977772
PT0064C	Malawi	0.0285918280960946	-0.00635673674141381
PT0065C	Malawi	0.0297804178521756	-0.0167847914912911
PT0066C	Malawi	0.0367655016654959	-0.0119267984443846
PT0067C	Malawi	0.0302518503756707	-0.00779024411588086
PT0068C	Malawi	0.0360680421235536	-0.0156756068437948
PT0069C	Malawi	0.00444707549804172	-0.00218468171962545
PT0071C	Malawi	0.0295572680246598	-0.0067342453339411
PT0072C	Malawi	0.0279376756008244	-0.00707128647332424
PT0074C	Malawi	0.0258455612305001	-0.00302401646097732
PT0075C	Malawi	0.0284587603125575	-0.0102056367946701
PT0077C	Malawi	0.027131147994742	-0.0077644635508103
PT0077Cx	Malawi	0.0261391683223126	-0.00728247289915465
PT0078C	Malawi	0.034013108552743	-0.0154344231041206
PT0078Cx	Malawi	0.0343296883937149	-0.0148788057401209
PT0080C	Malawi	0.028010092902552	-0.00245578767095136
PT0081C	Malawi	0.0273911642476701	-0.0173796859035199
PT0082C	Malawi	0.0283579371972066	-0.0156486304945376
PT0084C	Malawi	0.0285287544548361	-0.00813065374274168
PT0086C	Malawi	0.0303330362700932	-0.0136313617978084
PT0087C	Malawi	0.03386584733185	-0.00362547945648924
PT0088C	Malawi	0.025278784191548	-0.0122570754903658
PT0090C	Malawi	0.0279966995480566	-0.00763372511137469
PT0091C	Malawi	0.0284964556512638	-0.00100962910547932
PT0094C	Malawi	0.0308690220909929	-0.0112844063035436
PT0095C	Malawi	0.0319161582949834	-0.00714099969932101
PT0096C	Malawi	-0.0350750576231382	0.0274868197242817
PT0100C	Malawi	0.0322259466916786	-0.010771388910867
PT0101C	Malawi	0.031187691341676	-0.0106427588259431
PT0103C	Malawi	0.0255901082650874	-0.0076675120523564
PT0104C	Malawi	0.0309530966975294	-0.0108905733415302
PT0105C	Malawi	0.0305102754684464	-0.00925633135736806
PT0108C	Malawi	0.026146227183052	-0.00996526944055568
PT0111C	Malawi	0.0258514371725627	-0.00813297942120319
PT0112C	Malawi	0.0303177321434705	-0.0110337321199711
PT0115C	Malawi	0.0268815851817829	-0.00527100276702408
PT0117C	Malawi	0.0247798073754798	-0.00648506390317683
PT0118C	Malawi	0.025376926121227	-0.0114822131134378
PT0119C	Malawi	0.028219035206817	0.000108073708964995
PT0121C	Malawi	0.0223508104854148	-0.0215728793866374
PT0122C	Malawi	0.0306325533647859	-0.0111286941331244
PT0123C	Malawi	0.0259547587590141	-0.0159641424687527
PT0124C	Malawi	0.029417095510914	-0.00231536576297041
PT0125C	Malawi	0.0281901073891061	-0.008661108163037
PT0126C	Malawi	0.0262687175124999	-0.0032064601636061
PT0127C	Malawi	0.0274002792062418	-0.0110909974948917
PT0131C	Malawi	0.0295554616351125	-0.00522389595315992
PT0132C	Malawi	0.0306248792707077	-0.0116875759703782
PT0133C	Malawi	0.0315621006704841	-0.005555810136602
PT0135C	Malawi	0.0307452902301229	-0.00665404691634578
PT0136C	Malawi	0.0249361920779745	-0.000281803761190589
PT0138C	Malawi	0.0273752354777708	-0.0133937709871819
PT0139C	Malawi	0.023306494318674	-0.00266374878440674
PT0140C	Malawi	0.0296829265692153	-0.0132178267478888
PT0143C	Malawi	0.0299013607487035	-0.0101070153643257
PT0144C	Malawi	0.0264280840871916	0.000550928390459916
PT0146C	Malawi	0.0288257781769819	-0.0130902769184624
PT0147C	Malawi	0.0275904833286712	0.00163501039956164
PT0149C	Malawi	0.0350691959448839	-5.67809304782611e-05
PT0150C	Malawi	0.0265017414022139	-0.0120009464247752
PT0152C	Malawi	0.0321437628424582	-0.00967345941417416
PT0154C	Malawi	0.0268943215576438	-0.00461532950785491
PT0154Cx	Malawi	0.0268943215576438	-0.00461532950785492
PT0155C	Malawi	0.0288889610514753	-0.00873116383835112
PT0157C	Malawi	0.0268629746064703	-0.0104561972787342
PT0160C	Malawi	0.0223792436800274	-0.0156339768004567
PT0161C	Malawi	0.0276588817819215	-0.015052957359099
PT0165C	Malawi	0.0290144125121979	-0.00669238676383587
PT0168C	Malawi	-0.0851901731499069	-0.308330630515825
PT0169C	Malawi	-0.0855708748172544	-0.308598019446029
PT0170C	Malawi	0.0271722098338012	-0.00184197999943555
PT0174C	Malawi	0.0301505517513723	-0.00343803128626769
PT0175C	Malawi	0.0272510327424543	-0.00550672545713093
PT0176C	Malawi	0.031796482474746	-0.00987641042416995
PT0177C	Malawi	-0.0464733733905578	-0.223138031808523
PT0178C	Malawi	0.0316299004104423	-0.00219822420161729
PT0180C	Malawi	0.0247446968115821	-0.0146670396903027
PT0182C	Malawi	0.0280586043453961	0.00123189890620788
PT0183C	Malawi	0.0303601654243983	-0.0162824433765463
PT0187C	Malawi	0.0379641472105039	-0.0264611674387404
PT0187Cx	Malawi	0.0379641472105039	-0.0264611674387404
PT0188C	Malawi	0.0312593407285439	-0.0102683344991868
PT0188Cx	Malawi	0.0312593407285439	-0.0102683344991868
PT0189C	Malawi	0.0242040168423917	-0.00242394511374544
PT0189Cx	Malawi	0.0242040168423917	-0.00242394511374544
PT0190C	Malawi	0.0330703011191288	-0.0160752538605169
PT0192Cx	Malawi	0.0191667806459877	-0.0168851658773475
PT0193C	Malawi	0.0284192944381291	-0.0145679276470655
PT0196Cx	Malawi	0.0278900221534701	-0.0100895696887588
PT0197Cx	Malawi	0.0378679436296384	-0.00973007171252441
PT0198Cx	Malawi	0.0281974946449526	-0.00628506948376128
PT0199C	Malawi	0.0333285745844447	-0.0123918942990529
PT0199Cx	Malawi	0.0333285745844447	-0.0123918942990529
PT0200C	Malawi	0.0217317103452825	-0.0176528935044503
PT0201C	Malawi	0.0292393372162091	-0.0106145391680093
PT0201Cx	Malawi	0.0292393372162091	-0.0106145391680093
PT0202Cx	Malawi	0.0273264719677804	-0.00988093075743386
PT0203C	Malawi	0.0338086727972357	-0.0186822706251346
PT0203Cx	Malawi	0.0338086727972357	-0.0186822706251346
PT0204C	Malawi	0.0272120612241163	-0.0164167097139914
PT0204Cx	Malawi	0.0272120612241163	-0.0164167097139914
PT0205C	Malawi	0.0291936571684868	-0.0114580281800942
PT0206C	Malawi	0.0302811902237171	-0.00374978078385332
PT0206Cx	Malawi	0.0302811902237171	-0.00374978078385332
PT0207Cx	Malawi	0.0259794868476867	-0.00769402811745963
PT0208C	Malawi	0.0301340708813803	-0.0091944116259343
PT0208Cx	Malawi	0.0301340708813803	-0.0091944116259343
PT0209C	Malawi	0.0293929670469136	-0.012217176785533
PT0209Cx	Malawi	0.0293929670469136	-0.012217176785533
PT0210C	Malawi	0.0305104682114289	-0.0144323083327435
PT0210Cx	Malawi	0.0305104682114289	-0.0144323083327435
PT0211Cx	Malawi	0.0261704277942307	-0.00631212790090685
PT0212C	Malawi	0.0266065252440702	-0.00514521890154307
PT0212Cx	Malawi	0.0266065252440702	-0.00514521890154307
PT0213C	Malawi	0.0303459680595207	-0.00622237254738733
PT0214Cx	Malawi	0.0327074543129845	-0.0151869802575519
PT0215C	Malawi	0.0360754047069753	-0.00162433215371252
PT0216C	Malawi	0.0274937143796931	-0.00460949738494009
PT0216Cx	Malawi	0.0274937143796931	-0.00460949738494009
PT0217C	Malawi	0.0308870195036052	-0.001135627807408
PT0218Cx	Malawi	0.0344424385766263	-0.00998347274497745
PT0219C	Malawi	0.0347437484016732	-0.0112300312599133
PT0219Cx	Malawi	0.0347437484016732	-0.0112300312599133
PT0220C	Malawi	0.0264708499931485	-0.0023515347204818
PT0220Cx	Malawi	0.0264708499931485	-0.0023515347204818
PT0221C	Malawi	0.0294101016373183	-0.00738469361713081
PT0221Cx	Malawi	0.0294101016373183	-0.00738469361713081
PT0222C	Malawi	0.0345606431374589	-0.0118483838877074
PT0222Cx	Malawi	0.0345606431374589	-0.0118483838877074
PT0223Cx	Malawi	0.0296553502104359	-0.00683302402661171
PT0224C	Malawi	0.0272569013506838	-0.00921256733136149
PT0226Cx	Malawi	0.0273029130140909	-0.0125086616109328
PT0227C	Malawi	0.0286322445947632	-0.00703705449387915
PT0230C	Malawi	0.0390117650201125	0.000815382142730446
PT0230Cx	Malawi	0.0390117650201125	0.000815382142730444
PT0231C	Malawi	0.0297494387286775	-0.0172749569916382
PT0232C	Malawi	0.0307670850702566	-0.00882792982018517
PT0233C	Malawi	0.0266464822688156	-0.00950693887315834
PT0233Cx	Malawi	0.0266464822688156	-0.00950693887315835
PT0234C	Malawi	0.0323343329257347	-0.00934238822764456
PT0234Cx	Malawi	0.0323343329257347	-0.00934238822764455
PT0235Cx	Malawi	0.0284243328987464	-0.00738593463662465
PT0236C	Malawi	0.0289807328750906	-0.0128479273113317
PT0237C	Malawi	0.0289684798241215	-0.0134094460950107
PT0237Cx	Malawi	0.0289684798241215	-0.0134094460950107
PT0238C	Malawi	0.0306756938779855	-0.00466402109532907
PT0238Cx	Malawi	0.0306756938779855	-0.00466402109532907
PT0239Cx	Malawi	0.0278321545726926	-0.00413681071593111
PT0240Cx	Malawi	0.0226583922706378	-0.00647220180409842
PT0241Cx	Malawi	0.0338948016074001	-0.0116422391707454
PT0242C	Malawi	0.0351017202902235	-0.010256263925428
PT0242Cx	Malawi	0.0351017202902235	-0.010256263925428
PT0243C	Malawi	0.0323522574851684	-0.0109148642531149
PT0243Cx	Malawi	0.0323522574851684	-0.0109148642531149
PT0244C	Malawi	0.0274088367697711	-0.00280195928844105
PT0247C	Malawi	0.024158801036893	-0.0128031250142657
PT0248C	Malawi	0.0301693095034959	-0.00872058118506358
PT0248Cx	Malawi	0.0301693095034959	-0.00872058118506358
PT0249C	Malawi	0.0316527125968981	-0.00360185372119174
PT0249Cx	Malawi	0.0316527125968981	-0.00360185372119174
PT0250C	Malawi	0.0338089263239362	-0.0151103772327288
PT0250Cx	Malawi	0.0338089263239362	-0.0151103772327288
PT0252C	Malawi	0.0311332392965209	-0.00952307070542507
PT0252Cx	Malawi	0.0311332392965209	-0.00952307070542508
PT0253Cx	Malawi	0.0232927108317222	-0.0146011907278323
PT0255C	Malawi	0.0320981399564103	-0.00889121872174998
PT0255Cx	Malawi	0.0320981399564103	-0.00889121872174999
PT0256C	Malawi	0.0352282788223942	-0.00886392234673073
PT0256Cx	Malawi	0.0352282788223942	-0.00886392234673072
PT0257C	Malawi	0.0295123874000998	-0.0130853779243868
PT0258C	Malawi	0.0356745120308463	-0.014631982013821
PT0258Cx	Malawi	0.0356745120308463	-0.014631982013821
PT0260C	Malawi	0.0282413473910934	-0.0160367656796684
PT0261Cx	Malawi	0.0283171804262993	-0.00692987287068494
PT0262C	Malawi	0.0311646895931243	-0.00513054044448369
PT0262Cx	Malawi	0.0311646895931243	-0.00513054044448369
PT0263Cx	Malawi	0.0278665446431705	-0.00491614967449325
PT0264C	Malawi	0.0340060822606361	-0.010495392463156
PT0264Cx	Malawi	0.0340060822606361	-0.010495392463156
PT0269C	Malawi	0.0259093704229867	-0.000948497648486709
PT0270C	Malawi	0.0352970922529102	-0.00446179829978284
PT0270Cx	Malawi	0.0352970922529102	-0.00446179829978284
PT0271C	Malawi	0.0360562306373723	-0.000865785765177696
PT0271Cx	Malawi	0.0360562306373723	-0.000865785765177705
PT0273C	Malawi	0.0271862426096835	-0.0145259566905284
PT0274C	Malawi	0.0290064635352575	-0.021327301955163
PT0274Cx	Malawi	0.0290064635352575	-0.021327301955163
PT0275C	Malawi	0.0207443699582455	0.000145716012173047
PT0276C	Malawi	0.0337258466290022	-0.0194962460072673
PT0276Cx	Malawi	0.0337258466290022	-0.0194962460072673
PT0277C	Malawi	0.0282855816214956	-0.0135869875844789
PT0279C	Malawi	0.0277657754314169	-0.00580064841706091
PT0279Cx	Malawi	0.0277657754314169	-0.00580064841706092
PT0280C	Malawi	0.0282536199334176	-0.00318536300417542
PT0280Cx	Malawi	0.0282536199334176	-0.00318536300417542
PT0281C	Malawi	0.030915692078164	0.000111497895127158
PT0284C	Malawi	0.0294685623800137	-0.00197350563848519
PT0285C	Malawi	-0.00931751458964331	-0.114211715590065
PT0286C	Malawi	0.0362774238160143	-0.00128051902859904
PT0290C	Malawi	0.0304883179983065	-0.00792966597848683
PT0291C	Malawi	0.0256289501896895	-0.0111492358634202
PT0292C	Malawi	0.026469965179061	-0.00782236017589607
PT0292Cx	Malawi	0.026469965179061	-0.00782236017589608
PT0295C	Malawi	0.026160268199649	-0.00505552574709216
PT0296C	Malawi	0.0287760175999177	-0.0119853784636381
PT0297C	Malawi	0.0315989194904129	-0.00821131492789618
PT0298C	Malawi	0.0294568356695811	-0.0102312238881554
PT0298Cx	Malawi	0.0294568356695811	-0.0102312238881554
PT0300Cx	Malawi	0.0259744438857807	-0.00949376252121563
PT0301C	Malawi	0.0245664971151538	-0.000399949936129515
PT0301Cx	Malawi	0.0245664971151538	-0.000399949936129543
PT0302Cx	Malawi	-0.0854491497359779	-0.277494617243893
PT0303C	Malawi	0.0320876068695059	-0.0109643672412917
PT0303Cx	Malawi	0.0320876068695059	-0.0109643672412917
PT0304C	Malawi	0.0281038509011235	-0.00494551088011659
PT0304Cx	Malawi	0.0281038509011235	-0.00494551088011658
PU1	Zambia	0.0211741972055128	0.00324124062882747
PU10	Zambia	0.0199869891704252	0.00264802142673473
PU11	Zambia	0.0168724228430473	0.00798133171015219
PU12	Zambia	0.0228896666610627	-0.00364987696762837
PU13	Zambia	0.000570704691110218	0.0102854475829469
PU14	Zambia	0.0223666985700721	0.000703094408927437
PU15	Zambia	0.0167625458446722	-0.00613771366326301
PU16	Zambia	0.0201966927209287	0.000728641552892853
PU17	Zambia	0.0207687364137029	1.27958612143292e-05
PU18	Zambia	0.0181444170806417	-0.000468534942360206
PU19	Zambia	0.0256635855796237	-0.000819255043119346
PU2	Zambia	0.0206898124405916	-0.00265195390030941
PU20	Zambia	0.0254225685999143	-0.00783455140697428
PU22	Zambia	0.0197796839477586	0.000666778285339694
PU23	Zambia	0.0224843054016858	-0.00170572892881928
PU24	Zambia	0.0221913531129554	0.00175366991375313
PU25	Zambia	0.0219275800084072	-0.00164358998489442
PU26	Zambia	0.0211306331779393	-0.00538137821695719
PU28	Zambia	0.0179296872441071	0.0033657058531253
PU3	Zambia	0.0194441884733906	-0.00252979225129543
PU4	Zambia	0.0145598106388737	-0.00224615529546393
PU5	Zambia	0.0156704658480136	-0.00407571504275984
PU6	Zambia	0.0209303723805494	-0.000206940917326138
PU7	Zambia	0.0179826466698347	-0.00263940326412486
PU8	Zambia	0.0199897797593919	0.00268899384105864
PU9	Zambia	0.00843134137523395	-0.0204192885392866
QG0182C	Congo DR	0.00627247134645084	0.00200415176265006
QG0183C	Congo DR	0.00204089938404879	-0.00221669529727479
QG0184C	Congo DR	0.0089813125884786	0.0047476090655395
QG0185C	Congo DR	0.00373985451942893	0.00629415677463943
QG0186C	Congo DR	0.00787306502728642	0.00543103262953954
QG0187C	Congo DR	0.00366079236553776	0.0024659827903048
QG0188C	Congo DR	0.0009784165547889	0.00754907496284857
QG0189C	Congo DR	0.00440000997086845	0.00247001924199685
QG0190C	Congo DR	0.00929940853354113	-0.00516486570277055
QG0191C	Congo DR	0.00328160653138005	0.000843183660132009
QG0192C	Congo DR	0.00707010498503466	0.00486603202407952
QG0193C	Congo DR	0.00214344243340606	0.00666138647402202
QG0194C	Congo DR	0.00406066157264296	0.0052178662443863
QG0195C	Congo DR	0.00561707496177918	0.00573972744863018
QG0196C	Congo DR	0.00936887344281029	0.00495718974771982
QG0197C	Congo DR	0.00515567020338459	0.00604295210292495
QG0198C	Congo DR	0.00428875990377931	0.000801816836784337
QG0200C	Congo DR	0.00582556341506192	0.00881223855840793
QG0201C	Congo DR	0.010525758684198	-0.000930837109438704
QG0202C	Congo DR	-0.00431911224826491	0.00278491819555268
QG0203C	Congo DR	-0.00064870893931289	0.00175422722105146
QG0204C	Congo DR	0.006030959560572	0.00527135946900286
QG0205C	Congo DR	0.00836236305624857	0.00159632786119162
QG0206C	Congo DR	0.00684798524572038	0.00137034939637124
QG0207C	Congo DR	0.00370266267855881	0.00586107707560534
QG0208C	Congo DR	0.000185798856642008	0.0037613625660254
QG0209C	Congo DR	0.00982804854131895	-0.00607842168080317
QG0210C	Congo DR	0.000568055096808805	0.0131036792832093
QG0211C	Congo DR	0.00585205195528677	0.00142192249272586
QG0212C	Congo DR	0.0017410518905204	-0.00377591954790368
QG0213C	Congo DR	0.00325127254546892	-0.00684551899684503
QG0214C	Congo DR	0.000218843812230434	0.00530974134804194
QG0215C	Congo DR	0.0109879808772918	0.0006530802263762
QG0216C	Congo DR	0.00100402055038647	-0.00109268876487917
QG0217C	Congo DR	0.00330767175488786	0.00281147173061301
QG0218C	Congo DR	0.00322156633903476	0.0092686573670713
QG0219C	Congo DR	0.00426960936489601	0.00753737940347454
QG0224C	Congo DR	0.00220695007476557	0.00623895122749602
QG0225C	Congo DR	0.010678325402753	0.00460824108383939
QG0226C	Congo DR	0.00395907988634226	0.0066567297263818
QG0228C	Congo DR	0.00884611849440599	0.000797147456442482
QG0229C	Congo DR	0.00369232564664674	0.00478251377308004
QG0230C	Congo DR	0.00273888010281085	0.000891160350826013
QG0231C	Congo DR	0.00909327754669135	0.00121168491068354
QG0232C	Congo DR	0.00365570910991755	0.00163301054188472
QG0233C	Congo DR	0.00374108554484963	-0.00864471928772095
QG0234C	Congo DR	0.00400684813208664	0.00232744076910702
QG0235C	Congo DR	0.00558983417286396	0.00266263975514398
QG0236C	Congo DR	0.00476291342039522	0.010566329677923
QG0237C	Congo DR	0.00846530598993903	0.00567094912553573
QG0238C	Congo DR	0.00553811011606863	0.00140718172501949
QG0239C	Congo DR	0.00307131250192852	0.0108390018481603
QG0240C	Congo DR	0.00416164660467921	0.00538773361841756
QG0241C	Congo DR	-0.00468334906131351	-0.000216266177288011
QG0243C	Congo DR	0.00475488065558141	0.0092055609260962
QG0244C	Congo DR	0.000626860252141325	0.000186119584559991
QG0245C	Congo DR	0.00326223604983358	0.00255789289451849
QG0246C	Congo DR	0.00843751413707828	0.0060966638421937
QG0247C	Congo DR	0.00252403161533634	-0.00862268359287568
QG0248C	Congo DR	0.00266867362116926	0.00284322738237633
QG0249C	Congo DR	0.00752562844287838	-0.000821657471866926
QG0250C	Congo DR	0.00774281323821981	0.000277129845458796
QG0251C	Congo DR	0.00304220212241384	7.36342536198111e-05
QG0252C	Congo DR	-0.00319164092128071	0.000877351960251398
QG0253C	Congo DR	0.00442734460513638	0.00210956037073349
QG0254C	Congo DR	0.00409036303571113	0.00602880213542095
QG0255C	Congo DR	0.00323666450365139	0.00279934294986744
QG0256C	Congo DR	0.0078446921562276	0.00660484636401023
QG0257C	Congo DR	0.0069752792237254	0.0071703941840612
QG0258C	Congo DR	0.00290012272178901	-0.0064810337514898
QG0259C	Congo DR	0.00954747364976611	0.00687853729200523
QG0260C	Congo DR	0.00667746552531548	0.00390116721563468
QG0261C	Congo DR	0.00332363676641799	0.00314455089008897
QG0262C	Congo DR	0.00509650564346864	0.00384165130109243
QG0263C	Congo DR	0.0110626959580216	0.0041061304220114
QG0264C	Congo DR	-0.00174515591233101	0.00291302559151406
QG0265C	Congo DR	0.00424624557210111	-0.00362688897193217
QG0266C	Congo DR	0.00376547898565029	0.00120770577953188
QG0267C	Congo DR	0.00478884388906561	0.00354768057843715
QG0268C	Congo DR	0.00344891922818787	0.00733735845196339
QG0269C	Congo DR	-0.00516476778829595	0.00851628385058327
QG0270C	Congo DR	0.00844510797450074	0.00476923982623639
QG0271C	Congo DR	-0.0035456184266625	0.00978409367470629
QG0273C	Congo DR	0.000318731952544014	0.00554870748135542
QG0274C	Congo DR	0.0100201322609999	0.00715588127301671
QG0275C	Congo DR	0.00461017358718002	-0.00426566732905802
QG0276C	Congo DR	0.00478222938625658	-0.000101899545767133
QG0277C	Congo DR	0.00432900226070749	0.00186597164216076
QG0278C	Congo DR	-0.0162171705792148	-0.0391473318696388
QG0279C	Congo DR	0.00421812781243149	0.00530586864219938
QG0280C	Congo DR	0.00172431627598264	0.010005937373248
QG0281C	Congo DR	0.00343558585703399	0.0058778064037008
QG0282C	Congo DR	0.00268113869806321	0.00546825799352783
QG0284C	Congo DR	0.000631252778684817	-0.007590322847459
QG0285C	Congo DR	0.00102979324534936	0.00432870875364437
QG0286C	Congo DR	0.00292313652351521	0.00671402591790583
QG0287C	Congo DR	0.00695524003453431	0.000826096276803161
QG0288C	Congo DR	0.0044323171888275	0.00952347866620764
QG0289C	Congo DR	0.00429295763466702	0.00486040809264831
QG0290C	Congo DR	0.006460552992515	0.0065898329192319
QG0291C	Congo DR	0.00361557342033333	-0.000810852969899675
QG0292C	Congo DR	0.00445724974713088	0.00336697517193133
QG0293C	Congo DR	0.00748636228467165	0.00155068666584901
QG0294C	Congo DR	0.00452013150766274	0.0116234784784059
QG0295C	Congo DR	0.00607363695175268	-0.00346002207552803
QG0296C	Congo DR	0.0100643613570797	0.00829072814379048
QG0297C	Congo DR	0.00662473342115321	0.00541790930587892
QG0298C	Congo DR	0.0020149023893091	0.00933339166974451
QG0299C	Congo DR	0.0120384963413681	-0.00330731869132201
QG0300C	Congo DR	0.00461517809418696	0.000406003582569618
Sample5024006	Zambia	0.0237875480765492	-0.000957058005431667
Sample5024008	Zambia	0.0157442270946118	0.00112587322797381
Sample5024009	Zambia	0.0155753866650325	0.00246631945005298
Sample5024011	Zambia	0.0185735613462441	0.00102302401667707
Sample5024012	Zambia	-0.0464810226893392	-0.141832816709474
Sample5024019	Zambia	0.0157441045377168	0.00278460055386351
Sample5024029	Zambia	0.0181440808784264	0.00290160439810987
Sample5024047	Zambia	0.0173295670131325	0.00651451788371361
Sample5024051	Zambia	0.0199671888311494	-0.00344016854945578
Sample5024054	Zambia	0.0188234741961638	0.00317601408458384
Sample5024055	Zambia	0.0175960244027216	-0.00311900739790618
Sample5024056	Zambia	0.017134721174535	0.00126813708931763
Sample5024069	Zambia	0.0196367092801644	0.00348629101652721
Sample5024082	Zambia	0.0228233235892207	0.00695196749394064
Sample5024083	Zambia	0.0181806657105333	0.00317669118717028
Sample5024085	Zambia	0.0221863159395368	-0.00216458952283743
Sample5024086	Zambia	0.0192662136923377	-0.00399312632430587
Sample5024096	Zambia	0.0202134969970949	-0.00760240676502591
Sample5024113	Zambia	0.0176166970519883	-0.00097015520680168
Sample5024165	Zambia	0.0167813804608749	0.000162617832651369
Sample5024171	Zambia	0.0216344061954589	-0.0129987956290053
Sample5024173	Zambia	0.0167159222786232	-0.000522361121550362
Sample5024179	Zambia	0.0170404094753354	0.0047671727520146
Sample5024226	Zambia	0.0179987154454927	0.00245858385439351
Sample5024244	Zambia	0.0182570396802473	-0.0025645994318753
Sample5024252	Zambia	0.0189866399502254	-0.000420830334105368
Sample5024262	Zambia	0.022003276165489	-0.000419007796228684
Sample5024264	Zambia	0.0216199053901153	-0.00567708451431362
Sample5024275	Zambia	0.0178449936006381	-0.000784913322291042
Sample5024310	Zambia	0.0240794234481714	-0.00370549360519459
Sample5024360	Zambia	0.0172601019544751	-0.0040489933320444
Sample5024364	Zambia	0.0179211144489653	-0.000567101004027123
Sample5024376	Zambia	0.0268763439313199	-0.00503422297628579
Sample5024414	Zambia	0.0169331128205176	0.00298474750806648
Sample5024416	Zambia	0.0142903841223091	0.00427592462227405
Sample5024442	Zambia	0.01978412433284	0.00210633210852933
Sample5024461	Zambia	0.0245069978767873	-0.00817287553767234
Sample5024463	Zambia	0.0165825689871462	0.00133765860303098
Sample5024465	Zambia	0.0173969087469528	0.00349021978715691
Sample5024467	Zambia	0.0201285888085362	-0.00200138276397224
Sample5024469	Zambia	0.022789252306906	0.00398426862268704
Sample5024472	Zambia	0.0229546926630583	-0.00213971210224508
Sample5024473	Zambia	0.0168115071657971	-0.00805458093767966
Sample5024475	Zambia	0.0209032054255767	-0.0099145935878991
Sample5024476	Zambia	0.0166001459751477	-0.0026701804658081
Sample5024485	Zambia	0.0196793261406138	0.000331117498084852
Sample5024500	Zambia	0.0220829236334171	0.00141161137726397
Sample5024504	Zambia	0.0167136198539334	-0.00094580087013076
Sample5024513	Zambia	0.0206990139379932	-0.00694352805697312
Sample5024515	Zambia	0.0199156079835191	-0.00382365829900552
Sample5024525	Zambia	0.0286461553899511	-0.00105189323778214
Sample5024535	Zambia	0.0281219307701736	-0.00772919173992516
Sample5024536	Zambia	0.0306351830274173	-0.00354518151684612
Sample5024549	Zambia	0.0261959834478359	-0.0101857391359584
Sample5024591	Zambia	0.0177210337362283	0.0015879543593468
Sample5024608	Zambia	0.0238328566812014	-0.00206357900548277
Sample5024610	Zambia	0.0239914958431064	-0.000294485713254536
Sample5024673	Zambia	0.0162540123672879	0.0008086141118212
Sample5024680	Zambia	0.0245991436703384	0.00176498619260747
Sample5024681	Zambia	0.0202306732338923	0.00826432995847562
Sample5024686	Zambia	0.0241830192518024	0.00236863478577947
Sample5024697	Zambia	0.0170924629342724	0.00369776962413607
Sample5024701	Zambia	0.0208488083622622	0.00169032286315725
Sample5024704	Zambia	0.0159856719391205	-0.00161993145881245
Sample5024706	Zambia	0.0184288944729004	-0.00231528856008193
Sample5024711	Zambia	0.0197346616434141	0.00164857968543514
Sample5024719	Zambia	0.021387011356387	0.00143531412608536
Sample5024771	Zambia	0.0198220997918334	-0.00459517519264803
Sample5024818	Zambia	0.0205363775918562	0.000336987974216113
Sample5024819	Zambia	0.0167161847451199	0.00535664757918512
Sample5024820	Zambia	0.0201267398082097	0.00166183858999445
Sample5024831	Zambia	0.0139375756162602	0.0066390624497814
Sample5024833	Zambia	0.0214763118263792	-0.00312969125343416
Sample5024838	Zambia	0.0207211010009597	-0.00255058603324928
Sample5024839	Zambia	0.0188260790779621	-0.000234635807587658
Sample5024884	Zambia	0.0244839365088241	-0.00584193460266073
Sample5024937	Zambia	0.0170041136811273	-0.00390836620682564
Sample5024964	Zambia	0.0281866656493819	-0.0034780695590163
Sample5024981	Zambia	0.0206052984468303	0.000467611384414811
Sample5024992	Zambia	0.0190212740282933	0.00268764827525753
Sample5024996	Zambia	0.0178546852514033	-0.00379065576952215
Sample5025065	Zambia	0.0139626174811956	0.00357182534705805
Sample5025076	Zambia	0.0202457210444541	-0.0034029698323883
Sample5025089	Zambia	0.0169109569361023	0.00106653393702658
Sample5025095	Zambia	0.013393062852777	0.00128326934220348
Sample5025098	Zambia	0.0208044554678134	-0.0272661780166629
Sample5025114	Zambia	0.0166515840197826	2.04345954426228e-05
Sample5025116	Zambia	0.0173619705318414	-3.0730534665643e-05
Sample5025117	Zambia	0.0179387079569003	-0.00242120034601767
Sample5025118	Zambia	0.0182487642932397	-0.00615267104918419
Sample5025119	Zambia	0.015798265448786	0.00543650010435671
Sample5025122	Zambia	0.0149355892326132	-0.000570730764353073
Sample5025123	Zambia	0.016741271514052	0.00139101970232488
Sample5025125	Zambia	0.0147421136243906	0.00223692285317173
Sample5025199	Zambia	0.019065797296725	0.00846194373977877
Sample5025257	Zambia	0.0172478975653984	0.00165631150950426
Sample5025261	Zambia	0.0188222735199414	-0.00391590743132113
Sample5025262	Zambia	0.0180809974296092	0.00262845716558984
Sample5025263	Zambia	0.0228279731194956	-0.000950970620556923
Sample5025264	Zambia	0.0178236608454867	-0.0005749395768026
Sample5025266	Zambia	0.0183786878430896	0.00795187127165915
Sample5025268	Zambia	0.0203328558943092	-0.00578084902818565
Sample5025289	Zambia	0.0207857122620951	0.00110137765495339
Sample5025291	Zambia	0.0192916403052937	-0.00071362241760027
Sample5025334	Zambia	0.0209699892811902	-0.00413541225452883
Sample5025335	Zambia	0.0248454555343534	0.00130884680310963
Sample5025398	Zambia	0.019029478669754	-0.00330913309578648
Sample5025468	Zambia	0.0300026501935041	-0.00199797666752758
Sample5025499	Zambia	0.0185563556382566	-0.00174805117982901
Sample5025503	Zambia	0.0188532945273066	0.00180030871346381
Sample5025504	Zambia	0.0235068010880833	0.00212507729568795
Sample5025542	Zambia	0.0185907766503928	0.00567644382084346
Sample5025548	Zambia	0.0237028144586724	-0.000819560448318287
Sample5025617	Zambia	0.0226983010117344	0.000370503825840716
Sample5025643	Zambia	0.0246383832322063	-0.0021274898474254
Sample5025644	Zambia	0.024131237554439	-0.00434915978833346
Sample5025654	Zambia	0.024001283544758	-0.00285289081630059
Sample5025684	Zambia	0.0185848315493721	-0.00481305906589418
Sample5025747	Zambia	0.0221626618227967	-0.00740769097404698
Sample5025753	Zambia	0.0148475310064357	-0.00116030638327715
Sample5025773	Zambia	0.0218378593353694	0.0027153180771165
Sample5025776	Zambia	0.0300439521921268	-0.00496422719284291
Sample5025782	Zambia	0.0217779918309056	-0.0019802238873249
Sample5025822	Zambia	0.0268891618053404	-0.00473286498134868
Sample5025909	Zambia	0.015830558505112	-0.00528038777064361
Sample5025918	Zambia	0.0241577679279195	-0.00142751605393854
Sample5025922	Zambia	0.0148379707815591	0.00173508507816471
Sample5025923	Zambia	0.0200524066567994	-0.00158922193751501
Sample5025929	Zambia	0.0207192484679792	-0.00227531006124104
Sample5025930	Zambia	0.0186733182758738	0.00272101703230005
Sample5025941	Zambia	0.02515537983055	-0.0031718781083892
Sample5025942	Zambia	0.0282226115822077	-0.00731438003841211
Sample5025953	Zambia	0.0187770413094125	-0.00370813419534547
Sample5025954	Zambia	0.0203394927430029	-0.00231541556346383
Sample5025957	Zambia	0.0208293668241699	-0.00044160620815572
Sample5025958	Zambia	0.0264845999290573	-0.00684976975679192
Sample5025964	Zambia	0.0229918478862954	0.000659358278919555
Sample5025967	Zambia	0.0197249097595076	-0.00221775793363107
Sample5025973	Zambia	0.0197035646042736	0.000839745297252236
Sample5025982	Zambia	0.0208885403929806	-0.0077424950137182
Sample5026031	Zambia	0.0154839000381338	-0.00338782546207354
Sample5026032	Zambia	0.0211046307601721	-0.000956353616444735
Sample5026054	Zambia	0.0197631856430079	-0.000531436846747577
Sample5026133	Zambia	0.0153046320393377	0.00302847618408174
Sample5026134	Zambia	0.0208240194525259	-0.00585058337642324
Sample5026142	Zambia	0.0194613743705828	-0.0038067701379839
Sample5026152	Zambia	0.024445732660582	0.00250477181295015
Sample5026161	Zambia	0.0213080549314369	0.000179077298180242
Sample5026175	Zambia	0.0171372000882048	0.000315128171687839
Sample5026206	Zambia	0.0241614560123186	-0.00130662548928335
Sample5026240	Zambia	0.0171737460240356	0.000782516771686387
Sample5026244	Zambia	0.0161583897815851	0.00256732137006577
Sample5026290	Zambia	0.0157777366235266	-0.00106853012634665
Sample5026293	Zambia	0.0237786781684796	0.0020187658931681
Sample5026297	Zambia	0.0191329823871443	0.0024817770622462
Sample5026301	Zambia	0.0195436193588664	-0.00161058360608891
Sample5026302	Zambia	0.0233509966090375	0.00125470340009763
Sample5026309	Zambia	0.0178580990403937	-0.00363508548596219
Sample5026311	Zambia	0.0173674823861259	0.000447367624003149
Sample5026312	Zambia	0.0179804143104373	0.00582875425608267
Sample5026316	Zambia	0.0231798350771799	0.000708995821501288
Sample5026338	Zambia	0.0161483059101426	-0.00536917561585897
Sample5026350	Zambia	0.0147759466555962	0.000715038444785515
Sample5026378	Zambia	0.0242352409868448	-0.00908364765924904
Sample5026392	Zambia	0.0211870469733454	-0.00675981773615267
Sample5026399	Zambia	0.0255751974854405	-0.00463114125909582
Sample5026400	Zambia	0.0202188850215257	0.0031670033122744
Sample5026402	Zambia	0.0175467132059582	0.00343016915888468
Sample5026403	Zambia	0.020723022273787	-0.00288513798826292
Sample5026407	Zambia	0.018977312633021	1.77387974026165e-05
Sample5026409	Zambia	0.0148876289617351	0.00406789006947644
Sample5026416	Zambia	0.0192707468022959	-0.000615094366372387
Sample5026421	Zambia	0.0143416092151511	0.000818751017408379
Sample5026433	Zambia	0.0196357161951716	-0.00110067636440094
Sample5026435	Zambia	0.0185711466195987	0.00286722875741906
Sample5026437	Zambia	0.0175260218201047	0.00310206834049259
Sample5026438	Zambia	0.0168503383241874	-0.0044504988740361
Sample5026441	Zambia	0.0187461905690114	-0.00349082708117972
Sample5026443	Zambia	-0.00173650125484371	-0.0475745636274549
Sample5026450	Zambia	0.0185810931337249	-0.00130163154600357
Sample5026452	Zambia	0.0220011088031069	0.00323502488965269
Sample5026460	Zambia	0.0197448608206585	-0.000220857541273344
Sample5026468	Zambia	0.0102507098712608	-0.0046407858263892
Sample5026480	Zambia	0.0130159489251874	0.00224742214677498
Sample5026483	Zambia	0.026500711452435	-0.00165966534886188
Sample5026578	Zambia	0.023095912977603	-0.00366441029281034
Sample5026584	Zambia	0.0200111838290755	-0.00387501900870031
Sample5026588	Zambia	0.0248472340589435	-0.00148182887772814
Sample5026596	Zambia	0.0257133939299393	-0.00360930200945183
Sample5026610	Zambia	0.022893557828206	0.0038079459956853
Sample5026616	Zambia	0.0205844895545646	-0.00147944267328994
Sample5026698	Zambia	0.0203566782520379	-0.00227462256521103
Sample5026712	Zambia	0.0179692167818585	0.00419417735270642
Sample5026718	Zambia	0.0256315299910126	0.00127972325715102
Sample5026727	Zambia	0.0201786945925313	0.000152711550404095
Sample5026729	Zambia	0.0218923680482519	0.00173708904635162
Sample5026735	Zambia	0.0181132747671471	0.00534380593106478
Sample5026742	Zambia	0.0228921156970377	0.00551698274491
Sample5026760	Zambia	0.0145380753470935	0.00305480569668698
Sample5026771	Zambia	0.0248547864340539	0.00130889380905686
Sample5026773	Zambia	0.017011649088749	-0.000203683214999867
Sample5026793	Zambia	0.0197615587717904	-0.00769350430610639
Sample5026805	Zambia	0.0221012799883748	-0.00315337714224991
Sample5026814	Zambia	0.0240517271553287	-0.00286421019368531
Sample5026847	Zambia	0.0165179117125347	0.000930522394436605
Sample5026866	Zambia	0.0261248733328376	0.00220634123095831
Sample5026871	Zambia	0.0191029041402145	0.000209626006838817
Sample5026877	Zambia	0.0193741496895311	-0.00131175920912758
Sample5026878	Zambia	0.0220393469453361	-0.00599854552647313
Sample5026883	Zambia	0.0203063205568207	0.00142925913206139
Sample5026884	Zambia	0.0196194054339498	-0.000893082411007369
Sample5026910	Zambia	0.0286582114347351	-0.00608440289970225
Sample5026911	Zambia	0.033906656872454	-0.0110921235046608
Sample5026916	Zambia	0.0262883531730164	-0.00468520367030468
Sample5027250	Zambia	0.023418114506417	0.00156963052326424
