"","iid1","iid2","sharedLength","weight"
"1","PU23","PU24",21135898,1
"2","Sample5024179","Sample5024465",21135898,1
"3","Sample5024461","Sample5024472",21135898,1
"4","Sample5026718","Sample5026771",21116930,0.999102569476821
"5","PU17","PU20",21106013,0.998586054872142
"6","Sample5024226","Sample5026452",21005604,0.993835416881743
"7","Sample5025964","Sample5027250",20869573,0.987399399826778
"8","PU18","Sample5024310",19349763,0.915492826469923
"9","Sample5025263","Sample5025264",12441761,0.588655424056267
"10","Sample5024171","Sample5024467",11018173,0.521301389702013
"11","Sample5024500","Sample5026773",10740627,0.508169891811552
"12","Sample5024171","Sample5024472",7810469,0.369535706502747
"13","Sample5024171","Sample5024461",7747683,0.366565120630313
"14","Sample5024467","Sample5024469",7530108,0.356271022882491
"15","Sample5024171","Sample5024469",7403040,0.350259071083708
"16","Sample5024165","Sample5024173",6343032,0.300107050100261
"17","PU14","Sample5024706",4814555,0.227790416096823
"18","Sample5026399","Sample5026400",4110738,0.194490813685797
"19","Sample5025941","Sample5025958",3652805,0.172824689066914
"20","Sample5026712","Sample5026735",3152012,0.149130734828489
"21","Sample5025941","Sample5025942",2676581,0.126636729605716
"22","Sample5025125","Sample5026438",1815468,0.0858950019535484
"23","Sample5026133","Sample5026134",1728008,0.0817570183202058
"24","Sample5024701","Sample5024819",916855,0.0433790416664577
"25","PU28","Sample5024054",812781,0.0384550020065388
"26","Sample5024996","Sample5026152",801684,0.0379299710852125
"27","Sample5024008","Sample5024416",789724,0.0373641091568477
"28","Sample5025263","Sample5026133",773964,0.0366184583214775
"29","PU28","Sample5024416",731872,0.0346269649862996
"30","PU8","Sample5025257",703936,0.0333052326425875
"31","Sample5024086","Sample5026468",692116,0.0327459945160598
"32","Sample5024006","Sample5025953",685830,0.0324485858135765
"33","PU28","Sample5026468",602410,0.0285017461761029
"34","Sample5025264","Sample5026133",557267,0.0263659012737476
"35","PU28","Sample5024086",551948,0.0261142441168102
"36","Sample5025117","Sample5025118",490773,0.0232198792783727
"37","PU9","Sample5024086",476208,0.0225307673229687
"38","Sample5024252","Sample5024549",476208,0.0225307673229687
"39","PU14","PU16",471768,0.0223206981789939
"40","Sample5024820","Sample5025954",437759,0.0207116347741648
"41","Sample5024839","Sample5025684",435426,0.0206012538478375
"42","Sample5024012","Sample5024473",434866,0.0205747586404893
"43","Sample5024006","Sample5024686",420770,0.0199078364212394
"44","PU14","Sample5025263",417162,0.0197371315853246
"45","PU8","Sample5026443",416879,0.0197237420430398
"46","Sample5024008","Sample5026437",415315,0.0196497447139459
"47","Sample5026032","Sample5026437",401125,0.0189783750848911
"48","Sample5024839","Sample5026468",391722,0.018533492165793
"49","Sample5025941","Sample5026316",374983,0.0177415220304337
"50","PU14","Sample5026916",372342,0.0176165687400649
"51","Sample5024981","Sample5026437",362487,0.0171503004036072
"52","Sample5024008","Sample5024086",357155,0.0168980281793563
"53","Sample5024884","Sample5025982",330521,0.0156378971927287
"54","Sample5024008","Sample5026468",330133,0.015619539799066
"55","PU15","Sample5024704",316003,0.0149510089422271
"56","PU16","Sample5024711",311180,0.0147228189689409
"57","Sample5025942","Sample5025958",309691,0.0146523701051169
"58","Sample5024006","Sample5026032",308925,0.0146161284464942
"59","Sample5024165","Sample5024771",308925,0.0146161284464942
"60","Sample5024473","Sample5024549",308925,0.0146161284464942
"61","PU9","Sample5026433",307183,0.0145337094264933
"62","Sample5024012","Sample5025118",303986,0.0143824501802573
"63","Sample5024179","Sample5024771",299694,0.0141793833410816
"64","Sample5024465","Sample5024771",299694,0.0141793833410816
"65","Sample5024771","Sample5025089",299694,0.0141793833410816
"66","Sample5026316","Sample5026871",298910,0.0141422900507942
"67","Sample5024165","Sample5026437",294574,0.0139371414453268
"68","Sample5024173","Sample5024771",291874,0.0138093966956124
"69","Sample5024173","Sample5025089",291874,0.0138093966956124
"70","Sample5024056","Sample5026437",283546,0.0134153751120487
"71","Sample5025065","Sample5026403",283546,0.0134153751120487
"72","Sample5026142","Sample5026443",282385,0.0133604448696715
"73","Sample5024461","Sample5025542",274753,0.012999353043812
"74","Sample5025654","Sample5026718",274011,0.0129642468940757
"75","Sample5025654","Sample5026771",274011,0.0129642468940757
"76","Sample5025089","Sample5025958",270795,0.0128120887033047
"77","Sample5025263","Sample5026134",269960,0.0127725824566337
"78","PU9","Sample5024012",269774,0.0127637822627645
"79","Sample5024096","Sample5026441",268554,0.0127060605610417
"80","Sample5024472","Sample5025542",267163,0.0126402483585036
"81","PU25","Sample5024706",261828,0.0123878341956419
"82","Sample5024173","Sample5026916",261590,0.012376573732519
"83","Sample5024165","Sample5024473",258166,0.0122145744647329
"84","Sample5024704","Sample5025266",257005,0.0121596442223557
"85","Sample5025089","Sample5025398",255794,0.0121023483364653
"86","Sample5025089","Sample5026483",255794,0.0121023483364653
"87","Sample5026483","Sample5026916",255514,0.0120891007327912
"88","Sample5024818","Sample5026814",247862,0.0117270626495264
"89","PU14","Sample5024056",247806,0.0117244131287916
"90","Sample5026588","Sample5026910",247630,0.011716086063625
"91","PU28","Sample5026437",242704,0.0114830228647016
"92","Sample5024697","Sample5026437",239319,0.0113228687988559
"93","Sample5024056","Sample5025468",239034,0.0113093846308304
"94","PU26","Sample5026438",234766,0.0111074533005411
"95","Sample5024054","Sample5024086",234624,0.0111007348729635
"96","Sample5026433","Sample5026773",232882,0.0110183158529626
"97","Sample5024096","Sample5026460",232234,0.0109876571130311
"98","Sample5024262","Sample5024525",230265,0.0108944980714801
"99","Sample5024610","Sample5025548",230265,0.0108944980714801
"100","PU15","PU26",226482,0.0107155134832691
"101","PU26","Sample5024992",226467,0.0107148037902151
"102","Sample5025982","Sample5026403",226465,0.0107147091644746
"103","Sample5025548","Sample5026910",223796,0.0105884311137383
"104","Sample5024173","Sample5026302",222307,0.0105179822499143
"105","PU7","Sample5026450",222132,0.010509702497618
"106","Sample5025264","Sample5026134",221573,0.0104832546031401
"107","Sample5024165","Sample5026483",219673,0.0103933601496374
"108","PU15","Sample5024055",215566,0.0101990461914606
"109","Sample5025089","Sample5026727",215083,0.0101761940751228
"110","Sample5024442","Sample5026588",210037,0.00993745333176759
"111","PU5","Sample5024673",209139,0.00989496637426997
"112","Sample5024173","Sample5024179",208174,0.00984930945446463
"113","Sample5026441","Sample5026884",206198,0.00975581922282176
"114","Sample5024173","Sample5025503",205864,0.00974001672415338
"115","Sample5024012","Sample5026240",205691,0.0097318315975976
"116","Sample5024012","Sample5025122",202923,0.00960086957270517
"117","Sample5024173","Sample5024465",202084,0.00956117407455316
"118","Sample5025398","Sample5026483",201238,0.0095211473863093
"119","Sample5025747","Sample5026437",201238,0.0095211473863093
"120","PU9","Sample5026311",201119,0.00951551715474781
"121","Sample5026311","Sample5026403",200279,0.00947577434372554
"122","Sample5024054","Sample5025929",199919,0.00945874171043028
"123","Sample5024264","Sample5025089",199480,0.00943797136038412
"124","Sample5024264","Sample5026441",199480,0.00943797136038412
"125","PU17","PU19",199049,0.00941757951330007
"126","Sample5024262","Sample5026910",199049,0.00941757951330007
"127","Sample5024461","Sample5024500",199049,0.00941757951330007
"128","Sample5024461","Sample5024525",199049,0.00941757951330007
"129","Sample5024461","Sample5025548",199049,0.00941757951330007
"130","Sample5024472","Sample5024500",199049,0.00941757951330007
"131","Sample5024472","Sample5025548",199049,0.00941757951330007
"132","Sample5024525","Sample5026910",199049,0.00941757951330007
"133","Sample5024006","Sample5024704",198927,0.00941180734312779
"134","Sample5024414","Sample5026437",192327,0.00909954239938138
"135","Sample5024376","Sample5026399",191112,0.00904205726200987
"136","Sample5024376","Sample5026483",191112,0.00904205726200987
"137","Sample5024376","Sample5026916",191112,0.00904205726200987
"138","Sample5024173","Sample5025504",189286,0.0089556639609067
"139","PU11","Sample5025973",187548,0.00887343419238681
"140","PU12","Sample5024884",187548,0.00887343419238681
"141","PU28","Sample5025930",185400,0.00877180614705843
"142","PU14","Sample5025089",184231,0.0087164974017191
"143","PU16","Sample5026402",184231,0.0087164974017191
"144","Sample5024165","Sample5026032",184231,0.0087164974017191
"145","Sample5024473","Sample5025954",184231,0.0087164974017191
"146","Sample5025504","Sample5026437",184231,0.0087164974017191
"147","Sample5026773","Sample5026793",184231,0.0087164974017191
"148","Sample5026399","Sample5026916",181498,0.00858719132728593
"149","PU3","Sample5024469",180413,0.00853585686304883
"150","Sample5026437","Sample5026468",177055,0.00837698024470027
"151","Sample5025964","Sample5026142",176841,0.00836685529046365
"152","Sample5024275","Sample5026805",175560,0.00830624750365468
"153","PU11","Sample5024113",173674,0.00821701543033563
"154","PU15","Sample5024831",173566,0.00821190564034705
"155","PU15","Sample5026297",173566,0.00821190564034705
"156","Sample5024054","Sample5024264",173566,0.00821190564034705
"157","Sample5024264","Sample5025499",173566,0.00821190564034705
"158","Sample5024485","Sample5026712",173566,0.00821190564034705
"159","Sample5026316","Sample5026814",173566,0.00821190564034705
"160","Sample5024275","Sample5024376",173515,0.00820949268396356
"161","Sample5024275","Sample5026399",173515,0.00820949268396356
"162","Sample5024275","Sample5026483",173515,0.00820949268396356
"163","Sample5024275","Sample5026916",173515,0.00820949268396356
"164","Sample5026399","Sample5026483",173515,0.00820949268396356
"165","Sample5026460","Sample5026698",171262,0.00810289678725739
"166","PU3","Sample5025909",170701,0.00807635426703895
"167","PU26","Sample5024706",170372,0.00806078833272189
"168","Sample5024179","Sample5026392",170228,0.00805397527940379
"169","Sample5025504","Sample5026392",170228,0.00805397527940379
"170","Sample5026698","Sample5026735",168429,0.00796885942579776
"171","PU14","Sample5025264",168386,0.00796682497237638
"172","PU3","Sample5024536",168386,0.00796682497237638
"173","PU3","Sample5025654",168386,0.00796682497237638
"174","Sample5024469","Sample5024536",168386,0.00796682497237638
"175","Sample5024469","Sample5025654",168386,0.00796682497237638
"176","Sample5024992","Sample5026878",168386,0.00796682497237638
"177","PU2","Sample5024086",168310,0.00796322919423627
"178","Sample5024173","Sample5026460",168207,0.00795835596859902
"179","Sample5024173","Sample5026698",168207,0.00795835596859902
"180","Sample5024006","Sample5025747",167279,0.00791444962499346
"181","Sample5024173","Sample5026392",167180,0.00790976565083726
"182","Sample5024008","Sample5024262",166613,0.00788293925339723
"183","Sample5024376","Sample5024500",166467,0.0078760315743386
"184","Sample5024475","Sample5026399",166467,0.0078760315743386
"185","Sample5024475","Sample5026483",166467,0.0078760315743386
"186","Sample5024500","Sample5026916",166467,0.0078760315743386
"187","Sample5025542","Sample5025548",166467,0.0078760315743386
"188","Sample5024549","Sample5025942",166010,0.00785440959262767
"189","Sample5024165","Sample5025747",164975,0.0078054407719038
"190","PU13","Sample5024083",164813,0.00779777608692093
"191","PU14","PU26",164813,0.00779777608692093
"192","Sample5026483","Sample5026910",163311,0.00772671215578349
"193","Sample5024473","Sample5026483",162462,0.00768654352892884
"194","PU14","PU2",161795,0.00765498584446235
"195","PU14","Sample5024992",161795,0.00765498584446235
"196","PU7","Sample5024086",161795,0.00765498584446235
"197","Sample5024473","Sample5026460",161350,0.00763393161719459
"198","Sample5024473","Sample5026698",161350,0.00763393161719459
"199","Sample5024173","Sample5026483",160965,0.00761571616214272
"200","Sample5024376","Sample5026302",160965,0.00761571616214272
"201","Sample5026302","Sample5026483",160965,0.00761571616214272
"202","Sample5026302","Sample5026916",160965,0.00761571616214272
"203","Sample5024500","Sample5026483",160796,0.007607720287068
"204","Sample5024262","Sample5026437",160138,0.00757658841843389
"205","Sample5026452","Sample5026483",159618,0.00755198572589629
"206","PU28","Sample5024008",159084,0.00752672065317499
"207","PU14","Sample5025076",158869,0.0075165483860681
"208","PU14","Sample5026468",158869,0.0075165483860681
"209","PU15","Sample5024083",158869,0.0075165483860681
"210","PU15","Sample5026441",158869,0.0075165483860681
"211","Sample5026438","Sample5026441",158869,0.0075165483860681
"212","Sample5025261","Sample5025262",157821,0.00746696449803079
"213","Sample5025548","Sample5026400",157387,0.00744643071233595
"214","Sample5024461","Sample5025199",157372,0.00744572101928198
"215","Sample5024472","Sample5025199",157372,0.00744572101928198
"216","Sample5025504","Sample5026698",156780,0.00741771180008533
"217","Sample5026392","Sample5026698",156780,0.00741771180008533
"218","Sample5025398","Sample5026698",156261,0.007393156420418
"219","Sample5026399","Sample5026910",156044,0.00738288952757058
"220","Sample5024469","Sample5026133",155469,0.00735568462716843
"221","Sample5026402","Sample5026883",154566,0.00731296110531949
"222","Sample5024414","Sample5025499",154500,0.00730983845588203
"223","Sample5024485","Sample5025782",154269,0.0072989091828509
"224","PU15","Sample5025982",154182,0.00729479296313788
"225","Sample5024536","Sample5025654",154051,0.00728859497713322
"226","Sample5026441","Sample5026883",154002,0.00728627664649025
"227","Sample5026460","Sample5026735",153206,0.00724861560175962
"228","Sample5024476","Sample5026883",152629,0.00722131607561694
"229","Sample5024086","Sample5026437",151689,0.00717684197756821
"230","Sample5024054","Sample5024416",151452,0.0071656288273155
"231","Sample5024082","Sample5025922",151185,0.00715299629095485
"232","Sample5024029","Sample5024096",150956,0.00714216164366425
"233","Sample5026483","Sample5026698",150362,0.00711405779872708
"234","Sample5026483","Sample5026735",150362,0.00711405779872708
"235","PU25","Sample5024262",150197,0.00710625117513341
"236","Sample5024992","Sample5026311",150038,0.00709872842876134
"237","PU1","Sample5024818",150036,0.00709863380302081
"238","PU10","Sample5026402",150036,0.00709863380302081
"239","PU13","PU14",150036,0.00709863380302081
"240","PU13","PU15",150036,0.00709863380302081
"241","PU13","PU2",150036,0.00709863380302081
"242","PU13","Sample5024051",150036,0.00709863380302081
"243","PU13","Sample5024818",150036,0.00709863380302081
"244","PU13","Sample5025076",150036,0.00709863380302081
"245","PU13","Sample5026032",150036,0.00709863380302081
"246","PU13","Sample5026297",150036,0.00709863380302081
"247","PU13","Sample5026441",150036,0.00709863380302081
"248","PU13","Sample5026468",150036,0.00709863380302081
"249","PU14","PU15",150036,0.00709863380302081
"250","PU14","Sample5024082",150036,0.00709863380302081
"251","PU14","Sample5026302",150036,0.00709863380302081
"252","PU15","PU2",150036,0.00709863380302081
"253","PU15","Sample5024051",150036,0.00709863380302081
"254","PU15","Sample5024818",150036,0.00709863380302081
"255","PU15","Sample5025076",150036,0.00709863380302081
"256","PU15","Sample5025122",150036,0.00709863380302081
"257","PU15","Sample5026312",150036,0.00709863380302081
"258","PU15","Sample5026452",150036,0.00709863380302081
"259","PU15","Sample5026468",150036,0.00709863380302081
"260","PU15","Sample5026483",150036,0.00709863380302081
"261","PU15","Sample5026884",150036,0.00709863380302081
"262","PU2","PU5",150036,0.00709863380302081
"263","PU2","Sample5024818",150036,0.00709863380302081
"264","PU2","Sample5026438",150036,0.00709863380302081
"265","PU2","Sample5026441",150036,0.00709863380302081
"266","PU2","Sample5026468",150036,0.00709863380302081
"267","PU2","Sample5026735",150036,0.00709863380302081
"268","PU2","Sample5026883",150036,0.00709863380302081
"269","Sample5024006","Sample5024706",150036,0.00709863380302081
"270","Sample5024006","Sample5026884",150036,0.00709863380302081
"271","Sample5024008","Sample5026884",150036,0.00709863380302081
"272","Sample5024051","Sample5026297",150036,0.00709863380302081
"273","Sample5024051","Sample5026883",150036,0.00709863380302081
"274","Sample5024083","Sample5025268",150036,0.00709863380302081
"275","Sample5024083","Sample5026468",150036,0.00709863380302081
"276","Sample5024083","Sample5026884",150036,0.00709863380302081
"277","Sample5024086","Sample5024818",150036,0.00709863380302081
"278","Sample5024376","Sample5025119",150036,0.00709863380302081
"279","Sample5024469","Sample5026438",150036,0.00709863380302081
"280","Sample5024485","Sample5025942",150036,0.00709863380302081
"281","Sample5024485","Sample5026407",150036,0.00709863380302081
"282","Sample5024500","Sample5026032",150036,0.00709863380302081
"283","Sample5024818","Sample5025076",150036,0.00709863380302081
"284","Sample5024818","Sample5025542",150036,0.00709863380302081
"285","Sample5024818","Sample5026435",150036,0.00709863380302081
"286","Sample5024818","Sample5026884",150036,0.00709863380302081
"287","Sample5025076","Sample5026402",150036,0.00709863380302081
"288","Sample5025076","Sample5026403",150036,0.00709863380302081
"289","Sample5025076","Sample5026441",150036,0.00709863380302081
"290","Sample5025076","Sample5026735",150036,0.00709863380302081
"291","Sample5025076","Sample5026883",150036,0.00709863380302081
"292","Sample5025398","Sample5026443",150036,0.00709863380302081
"293","Sample5025753","Sample5026134",150036,0.00709863380302081
"294","Sample5025918","Sample5026735",150036,0.00709863380302081
"295","Sample5026031","Sample5026438",150036,0.00709863380302081
"296","Sample5026031","Sample5026735",150036,0.00709863380302081
"297","Sample5026032","Sample5026773",150036,0.00709863380302081
"298","Sample5026134","Sample5026316",150036,0.00709863380302081
"299","Sample5026134","Sample5026402",150036,0.00709863380302081
"300","Sample5026134","Sample5026814",150036,0.00709863380302081
"301","Sample5026316","Sample5026402",150036,0.00709863380302081
"302","Sample5026402","Sample5026735",150036,0.00709863380302081
"303","Sample5026438","Sample5026735",150036,0.00709863380302081
"304","Sample5026438","Sample5026884",150036,0.00709863380302081
"305","PU4","Sample5025116",149656,0.00708065491232026
"306","Sample5024461","Sample5026910",148987,0.00704900260211324
"307","Sample5026727","Sample5026773",148408,0.00702160845023003
"308","Sample5025118","Sample5025125",147926,0.00699880364676249
"309","Sample5024992","Sample5025644",147483,0.00697784404523527
"310","PU1","Sample5026134",147387,0.00697330200968987
"311","PU14","Sample5024083",147387,0.00697330200968987
"312","PU15","Sample5026403",147387,0.00697330200968987
"313","Sample5024818","Sample5026134",147387,0.00697330200968987
"314","Sample5024981","Sample5026142",147387,0.00697330200968987
"315","Sample5025076","Sample5026452",147387,0.00697330200968987
"316","Sample5025617","Sample5026134",147387,0.00697330200968987
"317","Sample5024473","Sample5025116",146349,0.0069241912503552
"318","Sample5025398","Sample5026452",146349,0.0069241912503552
"319","Sample5026452","Sample5026460",146349,0.0069241912503552
"320","Sample5026452","Sample5026698",146349,0.0069241912503552
"321","Sample5024473","Sample5025504",146101,0.00691245765852958
"322","Sample5024473","Sample5026392",146101,0.00691245765852958
"323","Sample5025504","Sample5026460",146101,0.00691245765852958
"324","Sample5026392","Sample5026460",146101,0.00691245765852958
"325","Sample5024113","Sample5024442",145984,0.00690692205270862
"326","Sample5025643","Sample5026483",145605,0.00688899047487833
"327","PU12","Sample5024992",145582,0.00688790227886225
"328","PU17","Sample5026054",144493,0.00683637856314409
"329","Sample5024376","Sample5026910",144184,0.00682175888623232
"330","Sample5024179","Sample5026452",143640,0.00679602068480838
"331","Sample5026152","Sample5026610",143461,0.00678755168103101
"332","Sample5024992","Sample5025957",142174,0.00672666001700046
"333","Sample5025957","Sample5025958",142174,0.00672666001700046
"334","Sample5024463","Sample5025747",141986,0.00671776519739071
"335","PU10","Sample5026134",141752,0.0067066939857488
"336","PU14","PU5",141752,0.0067066939857488
"337","PU14","Sample5026452",141752,0.0067066939857488
"338","PU15","Sample5025098",141752,0.0067066939857488
"339","PU26","Sample5026884",141752,0.0067066939857488
"340","PU5","Sample5025263",141752,0.0067066939857488
"341","PU5","Sample5026438",141752,0.0067066939857488
"342","PU5","Sample5026452",141752,0.0067066939857488
"343","PU5","Sample5026735",141752,0.0067066939857488
"344","PU5","Sample5026814",141752,0.0067066939857488
"345","PU7","Sample5024818",141752,0.0067066939857488
"346","Sample5024376","Sample5025782",141752,0.0067066939857488
"347","Sample5024884","Sample5025076",141752,0.0067066939857488
"348","Sample5025076","Sample5025643",141752,0.0067066939857488
"349","Sample5025643","Sample5026441",141752,0.0067066939857488
"350","Sample5025967","Sample5026441",141752,0.0067066939857488
"351","Sample5026133","Sample5026438",141752,0.0067066939857488
"352","Sample5026175","Sample5026910",141752,0.0067066939857488
"353","Sample5026403","Sample5026438",141752,0.0067066939857488
"354","Sample5026438","Sample5026452",141752,0.0067066939857488
"355","Sample5024264","Sample5024469",141134,0.00667745463192527
"356","Sample5024113","Sample5026416",140917,0.00666718773907785
"357","Sample5026316","Sample5026735",140483,0.00664665395338301
"358","Sample5024706","Sample5026441",140020,0.00662474809445049
"359","Sample5024275","Sample5025542",139903,0.00661921248862953
"360","Sample5024275","Sample5025548",139903,0.00661921248862953
"361","Sample5024376","Sample5025542",139903,0.00661921248862953
"362","Sample5024376","Sample5025548",139903,0.00661921248862953
"363","Sample5024500","Sample5025548",139903,0.00661921248862953
"364","Sample5025542","Sample5026399",139903,0.00661921248862953
"365","Sample5025542","Sample5026483",139903,0.00661921248862953
"366","Sample5025542","Sample5026916",139903,0.00661921248862953
"367","Sample5025548","Sample5026399",139903,0.00661921248862953
"368","Sample5025548","Sample5026483",139903,0.00661921248862953
"369","Sample5025548","Sample5026916",139903,0.00661921248862953
"370","Sample5026910","Sample5026916",139903,0.00661921248862953
"371","Sample5026452","Sample5026727",139564,0.00660317342560983
"372","Sample5024165","Sample5024964",138640,0.00655945633348533
"373","PU25","Sample5024461",138367,0.0065465399199031
"374","PU25","Sample5024500",138367,0.0065465399199031
"375","Sample5026290","Sample5026293",138270,0.00654195057148743
"376","Sample5024096","Sample5024706",136522,0.00645924767426489
"377","Sample5026350","Sample5026443",136522,0.00645924767426489
"378","Sample5026433","Sample5026712",136522,0.00645924767426489
"379","Sample5024086","Sample5024839",136413,0.00645409057140605
"380","Sample5026483","Sample5026727",136022,0.00643559123913259
"381","PU23","Sample5025958",136006,0.00643483423320835
"382","PU24","Sample5025958",136006,0.00643483423320835
"383","Sample5024467","Sample5026910",136006,0.00643483423320835
"384","Sample5025929","Sample5025958",136006,0.00643483423320835
"385","Sample5026403","Sample5026596",136006,0.00643483423320835
"386","Sample5024054","Sample5024262",135950,0.00643218471247354
"387","Sample5025257","Sample5025263",135730,0.00642177588101532
"388","Sample5025644","Sample5026878",135706,0.00642064037212897
"389","Sample5025643","Sample5025654",135643,0.0064176596613023
"390","Sample5024376","Sample5024461",135387,0.00640554756651456
"391","PU25","Sample5026911",135006,0.00638752136294375
"392","Sample5024096","Sample5026698",134517,0.00636438536938435
"393","Sample5024165","Sample5026441",134517,0.00636438536938435
"394","PU7","Sample5026883",133393,0.00631120570320693
"395","PU26","PU5",133374,0.0063103067586719
"396","Sample5024165","Sample5025504",132460,0.00626706279525005
"397","PU17","Sample5025918",132061,0.00624818496001447
"398","PU20","Sample5025918",132061,0.00624818496001447
"399","Sample5024011","Sample5025122",131402,0.0062170057785101
"400","Sample5024012","Sample5024442",131402,0.0062170057785101
"401","Sample5024165","Sample5025643",131383,0.00621610683397507
"402","Sample5024179","Sample5024473",131383,0.00621610683397507
"403","Sample5024473","Sample5026727",131383,0.00621610683397507
"404","Sample5024549","Sample5025089",131100,0.00620271729169018
"405","Sample5024549","Sample5026698",131100,0.00620271729169018
"406","Sample5025398","Sample5026460",131100,0.00620271729169018
"407","Sample5025504","Sample5026452",131100,0.00620271729169018
"408","Sample5025644","Sample5025654",131100,0.00620271729169018
"409","Sample5026392","Sample5026452",131100,0.00620271729169018
"410","Sample5026392","Sample5026735",131100,0.00620271729169018
"411","Sample5024055","Sample5025957",129717,0.00613728359211423
"412","Sample5025982","Sample5026152",129594,0.00613146410907168
"413","Sample5026152","Sample5026392",129458,0.0061250295587157
"414","Sample5024069","Sample5024465",129369,0.00612081871326215
"415","Sample5024465","Sample5024473",129369,0.00612081871326215
"416","Sample5024376","Sample5025289",129326,0.00611878425984077
"417","Sample5024461","Sample5025289",129326,0.00611878425984077
"418","Sample5025289","Sample5026910",129326,0.00611878425984077
"419","Sample5024704","Sample5025098",129185,0.00611211314513346
"420","PU10","PU16",129019,0.00610425920866953
"421","Sample5024006","Sample5024681",129019,0.00610425920866953
"422","Sample5024069","Sample5024884",128658,0.00608717926250401
"423","PU25","Sample5025982",128624,0.00608557062491501
"424","Sample5024473","Sample5025747",128567,0.00608287379130993
"425","Sample5026392","Sample5026483",128256,0.00606815948865764
"426","Sample5026460","Sample5026483",128256,0.00606815948865764
"427","Sample5024884","Sample5025468",127870,0.0060498967207355
"428","Sample5024165","Sample5026392",127688,0.00604128577834734
"429","PU14","Sample5026460",127631,0.00603858894474226
"430","Sample5024262","Sample5025335",127463,0.0060306403825378
"431","Sample5024262","Sample5025773",127463,0.0060306403825378
"432","Sample5025335","Sample5025773",127463,0.0060306403825378
"433","Sample5026302","Sample5026910",127353,0.0060254359668087
"434","Sample5024179","Sample5026698",126766,0.00599766331196337
"435","Sample5024179","Sample5026735",126766,0.00599766331196337
"436","Sample5025953","Sample5026460",126766,0.00599766331196337
"437","Sample5026698","Sample5026727",126766,0.00599766331196337
"438","Sample5026727","Sample5026735",126766,0.00599766331196337
"439","Sample5025398","Sample5026450",126130,0.00596757232647508
"440","Sample5024179","Sample5026441",125293,0.0059279714540636
"441","Sample5024465","Sample5026441",125293,0.0059279714540636
"442","Sample5025643","Sample5026727",125293,0.0059279714540636
"443","Sample5026441","Sample5026727",125293,0.0059279714540636
"444","Sample5024262","Sample5024376",122874,0.00581352162089351
"445","Sample5024262","Sample5025542",122874,0.00581352162089351
"446","Sample5024262","Sample5025548",122874,0.00581352162089351
"447","Sample5024262","Sample5026399",122874,0.00581352162089351
"448","Sample5024262","Sample5026483",122874,0.00581352162089351
"449","Sample5024262","Sample5026916",122874,0.00581352162089351
"450","PU26","Sample5024054",122854,0.00581257536348822
"451","Sample5024165","Sample5026727",122321,0.00578735760363719
"452","PU3","Sample5025982",121965,0.00577051422182299
"453","Sample5024469","Sample5025982",121965,0.00577051422182299
"454","Sample5024536","Sample5025982",121965,0.00577051422182299
"455","Sample5026441","Sample5026483",121751,0.00576038926758636
"456","Sample5024113","Sample5026588",120062,0.00568047782970944
"457","Sample5024006","Sample5026175",119623,0.00565970747966327
"458","Sample5024469","Sample5026392",118894,0.00562521639724037
"459","PU23","PU3",117831,0.00557492281614909
"460","PU23","Sample5024536",117831,0.00557492281614909
"461","PU23","Sample5025982",117831,0.00557492281614909
"462","PU24","PU3",117831,0.00557492281614909
"463","PU24","Sample5024536",117831,0.00557492281614909
"464","PU24","Sample5025982",117831,0.00557492281614909
"465","Sample5024463","Sample5026301",116490,0.00551147625712425
"466","Sample5026301","Sample5026443",116490,0.00551147625712425
"467","Sample5025116","Sample5025398",115524,0.00546577202444864
"468","Sample5026584","Sample5026883",114699,0.00542673890648034
"469","Sample5026142","Sample5027250",112658,0.00533017333827027
"470","Sample5024704","Sample5025116",112420,0.0053189128751473
"471","PU16","Sample5024680",111971,0.00529766939639849
"472","Sample5024069","Sample5025747",111448,0.0052729247652501
"473","Sample5025289","Sample5026483",111152,0.00525892015565177
"474","Sample5026416","Sample5026588",110902,0.00524709193808562
"475","Sample5025776","Sample5026399",109060,0.00515994163105821
"476","PU3","Sample5026392",108754,0.00514546389275724
"477","PU3","Sample5026610",108754,0.00514546389275724
"478","Sample5024469","Sample5026610",108754,0.00514546389275724
"479","PU3","Sample5025548",108501,0.0051334937365803
"480","Sample5024536","Sample5025548",108501,0.0051334937365803
"481","Sample5025548","Sample5025982",108501,0.0051334937365803
"482","Sample5025119","Sample5026443",108206,0.00511953643985224
"483","Sample5024019","Sample5025116",108133,0.00511608260032292
"484","Sample5024964","Sample5026483",107804,0.00510051666600586
"485","PU14","Sample5026712",107682,0.00509474449583358
"486","PU8","Sample5026437",107682,0.00509474449583358
"487","Sample5024008","Sample5024069",107682,0.00509474449583358
"488","Sample5024838","Sample5024992",107682,0.00509474449583358
"489","Sample5024264","Sample5026911",107630,0.00509228422657982
"490","Sample5025654","Sample5025982",107630,0.00509228422657982
"491","Sample5024771","Sample5026142",107584,0.00509010783454765
"492","Sample5024051","Sample5025499",106924,0.00505888134017301
"493","Sample5025257","Sample5025264",106924,0.00505888134017301
"494","Sample5024011","Sample5024981",106768,0.00505150053241173
"495","Sample5026244","Sample5026409",106616,0.00504430897613151
"496","PU15","Sample5024054",106551,0.00504123363956431
"497","PU26","PU3",106551,0.00504123363956431
"498","Sample5024819","Sample5025334",106551,0.00504123363956431
"499","Sample5025291","Sample5026878",106551,0.00504123363956431
"500","Sample5024165","Sample5024179",106085,0.005019185842021
"501","Sample5025334","Sample5026450",105674,0.00499974025234225
"502","Sample5025941","Sample5026916",105336,0.00498374850219281
"503","Sample5024012","Sample5026443",105036,0.00496955464111343
"504","Sample5024051","Sample5026814",105036,0.00496955464111343
"505","Sample5024839","Sample5025930",104962,0.00496605348871385
"506","Sample5024096","Sample5026350",104660,0.00495176500189393
"507","Sample5024179","Sample5026483",104660,0.00495176500189393
"508","Sample5024465","Sample5026452",104660,0.00495176500189393
"509","Sample5024465","Sample5026698",104660,0.00495176500189393
"510","Sample5024473","Sample5026350",104660,0.00495176500189393
"511","Sample5026350","Sample5026441",104660,0.00495176500189393
"512","Sample5026460","Sample5026727",104660,0.00495176500189393
"513","Sample5024165","Sample5026302",104177,0.00492891288555613
"514","Sample5025982","Sample5026316",104045,0.0049226675866812
"515","Sample5026152","Sample5026403",104045,0.0049226675866812
"516","Sample5024485","Sample5024591",103781,0.00491017698893134
"517","Sample5024525","Sample5025684",103781,0.00491017698893134
"518","Sample5024681","Sample5026871",103781,0.00491017698893134
"519","Sample5025654","Sample5026911",103496,0.00489669282090593
"520","Sample5024461","Sample5025335",102732,0.00486054578802377
"521","Sample5024472","Sample5025335",102732,0.00486054578802377
"522","Sample5024513","Sample5025503",102732,0.00486054578802377
"523","Sample5025119","Sample5026883",102732,0.00486054578802377
"524","Sample5024083","Sample5024473",102572,0.00485297572878143
"525","Sample5024011","Sample5024173",102440,0.0048467304299065
"526","Sample5024515","Sample5025119",102368,0.00484332390324745
"527","PU3","Sample5026433",102323,0.00484119482408554
"528","Sample5024096","Sample5025116",102009,0.00482633858282246
"529","Sample5024165","Sample5024465",102009,0.00482633858282246
"530","Sample5024165","Sample5025953",102009,0.00482633858282246
"531","Sample5024165","Sample5026452",102009,0.00482633858282246
"532","Sample5025116","Sample5026698",102009,0.00482633858282246
"533","Sample5024165","Sample5025398",101705,0.00481195547026202
"534","Sample5024086","Sample5025930",101309,0.00479321957363723
"535","Sample5024376","Sample5026438",100528,0.00475626822196057
"536","Sample5025065","Sample5026578",100528,0.00475626822196057
"537","Sample5026350","Sample5026392",100401,0.00475025948743697
"538","Sample5026350","Sample5026452",100401,0.00475025948743697
"539","Sample5026350","Sample5026460",100401,0.00475025948743697
"540","Sample5026350","Sample5026698",100401,0.00475025948743697
"541","Sample5026350","Sample5026735",100401,0.00475025948743697
"542","PU25","Sample5025548",100135,0.00473767426394658
"543","Sample5024771","Sample5025923",99865,0.00472489978897514
"544","Sample5024262","Sample5025958",99088,0.00468813768877954
"545","Sample5025942","Sample5026433",97695,0.00462223086050094
"546","Sample5024711","Sample5025822",96777,0.00457879764559802
"547","PU13","Sample5024179",96727,0.00457643200208479
"548","PU13","Sample5024465",96727,0.00457643200208479
"549","Sample5024536","Sample5026392",96727,0.00457643200208479
"550","Sample5025644","Sample5026206",96727,0.00457643200208479
"551","Sample5025654","Sample5026152",96727,0.00457643200208479
"552","Sample5025654","Sample5026399",96727,0.00457643200208479
"553","PU4","Sample5026435",95798,0.00453247834560897
"554","PU23","Sample5024884",95755,0.00453044389218759
"555","PU3","Sample5024884",95755,0.00453044389218759
"556","Sample5024469","Sample5024884",95755,0.00453044389218759
"557","Sample5024884","Sample5025654",95755,0.00453044389218759
"558","PU19","Sample5026400",95518,0.00451923074193488
"559","Sample5024055","Sample5026409",94889,0.00448947094653844
"560","PU19","Sample5024086",94588,0.0044752297725888
"561","PU25","Sample5026316",94588,0.0044752297725888
"562","Sample5024376","Sample5025958",94588,0.0044752297725888
"563","PU20","Sample5025334",94471,0.00446969416676784
"564","Sample5024536","Sample5026403",93901,0.00444272583071701
"565","Sample5024165","Sample5026460",92266,0.00436536928783438
"566","Sample5024473","Sample5025398",91793,0.00434299030019922
"567","Sample5025398","Sample5025643",91793,0.00434299030019922
"568","Sample5024262","Sample5024461",91658,0.00433660306271349
"569","Sample5024262","Sample5024472",91658,0.00433660306271349
"570","Sample5024262","Sample5025289",91658,0.00433660306271349
"571","Sample5024262","Sample5025617",91658,0.00433660306271349
"572","Sample5024262","Sample5026142",91658,0.00433660306271349
"573","Sample5024275","Sample5025289",91658,0.00433660306271349
"574","Sample5024376","Sample5024472",91658,0.00433660306271349
"575","Sample5024461","Sample5025617",91658,0.00433660306271349
"576","Sample5024461","Sample5026142",91658,0.00433660306271349
"577","Sample5024461","Sample5026399",91658,0.00433660306271349
"578","Sample5024461","Sample5026483",91658,0.00433660306271349
"579","Sample5024461","Sample5026916",91658,0.00433660306271349
"580","Sample5024472","Sample5024525",91658,0.00433660306271349
"581","Sample5024472","Sample5025289",91658,0.00433660306271349
"582","Sample5024472","Sample5025617",91658,0.00433660306271349
"583","Sample5024472","Sample5026142",91658,0.00433660306271349
"584","Sample5024472","Sample5026399",91658,0.00433660306271349
"585","Sample5024472","Sample5026483",91658,0.00433660306271349
"586","Sample5024472","Sample5026910",91658,0.00433660306271349
"587","Sample5024472","Sample5026916",91658,0.00433660306271349
"588","Sample5025289","Sample5025542",91658,0.00433660306271349
"589","Sample5025289","Sample5025548",91658,0.00433660306271349
"590","Sample5025289","Sample5026142",91658,0.00433660306271349
"591","Sample5025289","Sample5026399",91658,0.00433660306271349
"592","Sample5025289","Sample5026916",91658,0.00433660306271349
"593","Sample5025617","Sample5026142",91658,0.00433660306271349
"594","PU15","Sample5024504",91384,0.00432363933626099
"595","Sample5026316","Sample5026866",90613,0.00428716111328698
"596","Sample5024096","Sample5024179",90389,0.0042765630303477
"597","Sample5024096","Sample5024465",90389,0.0042765630303477
"598","Sample5024096","Sample5025504",90389,0.0042765630303477
"599","Sample5024096","Sample5026392",90389,0.0042765630303477
"600","Sample5024096","Sample5026483",90389,0.0042765630303477
"601","Sample5024096","Sample5026727",90389,0.0042765630303477
"602","Sample5026392","Sample5026441",90389,0.0042765630303477
"603","Sample5024549","Sample5026729",89911,0.00425394747836122
"604","Sample5025747","Sample5026441",89536,0.00423620515201199
"605","Sample5025747","Sample5026452",89536,0.00423620515201199
"606","Sample5024082","Sample5025118",89349,0.00422735764527251
"607","Sample5024173","Sample5024360",89349,0.00422735764527251
"608","Sample5024364","Sample5026409",89349,0.00422735764527251
"609","Sample5024536","Sample5024704",89349,0.00422735764527251
"610","Sample5024165","Sample5026698",89211,0.004220828469176
"611","Sample5025116","Sample5025953",89211,0.004220828469176
"612","Sample5025747","Sample5026698",89211,0.004220828469176
"613","PU14","Sample5026735",88993,0.00421051426345831
"614","PU14","Sample5026847",88993,0.00421051426345831
"615","Sample5026240","Sample5026916",88993,0.00421051426345831
"616","Sample5025918","Sample5026610",88578,0.0041908794222985
"617","Sample5026433","Sample5026911",87988,0.00416296482884238
"618","PU20","Sample5026175",87423,0.00413623305714288
"619","Sample5025334","Sample5025504",87423,0.00413623305714288
"620","Sample5025334","Sample5026175",87423,0.00413623305714288
"621","Sample5025504","Sample5026175",87423,0.00413623305714288
"622","Sample5024055","Sample5025118",86982,0.00411536808135618
"623","PU1","PU11",86880,0.00411054216858919
"624","Sample5024008","Sample5024054",86043,0.00407094129617772
"625","Sample5024054","Sample5024831",86043,0.00407094129617772
"626","Sample5024054","Sample5026468",86043,0.00407094129617772
"627","Sample5024086","Sample5024416",86043,0.00407094129617772
"628","Sample5024416","Sample5024831",86043,0.00407094129617772
"629","Sample5024831","Sample5024839",86043,0.00407094129617772
"630","Sample5025930","Sample5026468",86043,0.00407094129617772
"631","Sample5024473","Sample5025199",85766,0.00405783563111442
"632","Sample5025773","Sample5026134",84852,0.00401459166769257
"633","PU15","Sample5025257",84730,0.00400881949752028
"634","PU23","PU6",84730,0.00400881949752028
"635","PU24","PU6",84730,0.00400881949752028
"636","PU25","PU26",84730,0.00400881949752028
"637","PU25","PU3",84730,0.00400881949752028
"638","PU25","Sample5025909",84730,0.00400881949752028
"639","PU25","Sample5026773",84730,0.00400881949752028
"640","PU26","Sample5024264",84730,0.00400881949752028
"641","PU3","Sample5026773",84730,0.00400881949752028
"642","PU9","Sample5025098",84730,0.00400881949752028
"643","Sample5024054","Sample5024820",84730,0.00400881949752028
"644","Sample5024054","Sample5025257",84730,0.00400881949752028
"645","Sample5024096","Sample5026910",84730,0.00400881949752028
"646","Sample5024171","Sample5024884",84730,0.00400881949752028
"647","Sample5024264","Sample5025257",84730,0.00400881949752028
"648","Sample5024414","Sample5026441",84730,0.00400881949752028
"649","Sample5024414","Sample5026588",84730,0.00400881949752028
"650","Sample5024525","Sample5025958",84730,0.00400881949752028
"651","Sample5024704","Sample5025261",84730,0.00400881949752028
"652","Sample5024719","Sample5026433",84730,0.00400881949752028
"653","Sample5024818","Sample5025257",84730,0.00400881949752028
"654","Sample5024839","Sample5026433",84730,0.00400881949752028
"655","Sample5024937","Sample5025398",84730,0.00400881949752028
"656","Sample5024981","Sample5025257",84730,0.00400881949752028
"657","Sample5024981","Sample5026588",84730,0.00400881949752028
"658","Sample5025065","Sample5026350",84730,0.00400881949752028
"659","Sample5025257","Sample5026578",84730,0.00400881949752028
"660","Sample5025257","Sample5026588",84730,0.00400881949752028
"661","Sample5025257","Sample5026793",84730,0.00400881949752028
"662","Sample5025261","Sample5026402",84730,0.00400881949752028
"663","Sample5025266","Sample5026773",84730,0.00400881949752028
"664","Sample5025643","Sample5026847",84730,0.00400881949752028
"665","Sample5025909","Sample5026773",84730,0.00400881949752028
"666","Sample5025973","Sample5026878",84730,0.00400881949752028
"667","Sample5025973","Sample5026916",84730,0.00400881949752028
"668","Sample5026712","Sample5026884",84730,0.00400881949752028
"669","Sample5024054","Sample5024839",84590,0.00400219569568324
"670","Sample5024416","Sample5024839",84590,0.00400219569568324
"671","Sample5024165","Sample5025116",84402,0.00399330087607349
"672","Sample5024414","Sample5024820",84386,0.00399254387014926
"673","Sample5024719","Sample5025263",84386,0.00399254387014926
"674","Sample5024465","Sample5024706",84383,0.00399240193153847
"675","Sample5024086","Sample5024096",84323,0.00398956315932259
"676","Sample5024086","Sample5024673",84323,0.00398956315932259
"677","Sample5024086","Sample5026441",84323,0.00398956315932259
"678","Sample5024086","Sample5026878",84323,0.00398956315932259
"679","Sample5024096","Sample5024673",84323,0.00398956315932259
"680","Sample5024416","Sample5024525",84323,0.00398956315932259
"681","Sample5024673","Sample5025958",84323,0.00398956315932259
"682","Sample5024673","Sample5026441",84323,0.00398956315932259
"683","Sample5024673","Sample5026878",84323,0.00398956315932259
"684","Sample5025261","Sample5026441",84323,0.00398956315932259
"685","Sample5025953","Sample5026441",84323,0.00398956315932259
"686","Sample5026878","Sample5026884",84323,0.00398956315932259
"687","PU1","Sample5024252",83871,0.00396817774196299
"688","PU3","Sample5026133",83810,0.00396529165687685
"689","Sample5024536","Sample5026133",83810,0.00396529165687685
"690","Sample5024536","Sample5026378",83810,0.00396529165687685
"691","Sample5024536","Sample5026452",83810,0.00396529165687685
"692","Sample5024884","Sample5026911",83007,0.00392729942205436
"693","PU14","Sample5024006",82551,0.0039057247532137
"694","PU14","Sample5025918",82551,0.0039057247532137
"695","PU4","Sample5025264",82551,0.0039057247532137
"696","Sample5026175","Sample5026698",82551,0.0039057247532137
"697","Sample5026312","Sample5026441",82551,0.0039057247532137
"698","PU4","Sample5025942",82133,0.0038859479734431
"699","Sample5024704","Sample5026134",82133,0.0038859479734431
"700","Sample5024704","Sample5026877",82133,0.0038859479734431
"701","Sample5025118","Sample5025954",82133,0.0038859479734431
"702","Sample5024360","Sample5024838",81999,0.00387960804882764
"703","Sample5025941","Sample5026483",81999,0.00387960804882764
"704","Sample5025065","Sample5026916",81747,0.00386768520552096
"705","Sample5024536","Sample5024884",81420,0.00385221389694443
"706","PU23","Sample5026910",80861,0.00382576600246651
"707","PU24","Sample5026910",80861,0.00382576600246651
"708","PU19","Sample5024591",80699,0.00381810131748365
"709","Sample5024981","Sample5025504",80284,0.00379846647632384
"710","Sample5025089","Sample5026244",80049,0.00378734795181165
"711","Sample5025918","Sample5026392",79840,0.00377745956192635
"712","Sample5025116","Sample5026483",79793,0.00377523585702391
"713","Sample5025116","Sample5026727",79793,0.00377523585702391
"714","Sample5025503","Sample5025504",79632,0.00376761848491131
"715","Sample5025504","Sample5025918",79347,0.0037541343168859
"716","Sample5024525","Sample5025982",79288,0.00375134285754029
"717","Sample5024525","Sample5026152",79288,0.00375134285754029
"718","Sample5024525","Sample5026403",79288,0.00375134285754029
"719","Sample5025941","Sample5025982",79288,0.00375134285754029
"720","Sample5025941","Sample5026152",79288,0.00375134285754029
"721","Sample5025941","Sample5026403",79288,0.00375134285754029
"722","PU5","Sample5024083",79283,0.00375110629318896
"723","Sample5024165","Sample5024461",79108,0.00374282654089266
"724","Sample5024165","Sample5025289",79108,0.00374282654089266
"725","Sample5024173","Sample5024461",79108,0.00374282654089266
"726","Sample5025289","Sample5026302",79108,0.00374282654089266
"727","Sample5024536","Sample5026610",78382,0.00370847739708055
"728","Sample5026133","Sample5026610",78382,0.00370847739708055
"729","Sample5026152","Sample5026399",78382,0.00370847739708055
"730","Sample5026206","Sample5026878",78382,0.00370847739708055
"731","Sample5024086","Sample5024831",78204,0.00370005570617345
"732","PU12","Sample5025644",77342,0.00365927201200536
"733","PU3","Sample5025334",76729,0.00363026922253315
"734","PU5","Sample5025334",76729,0.00363026922253315
"735","Sample5024536","Sample5025334",76729,0.00363026922253315
"736","Sample5025334","Sample5025982",76729,0.00363026922253315
"737","Sample5024096","Sample5025398",76544,0.0036215163415342
"738","Sample5026175","Sample5026578",76030,0.00359719752621819
"739","Sample5024475","Sample5025548",75942,0.00359303399363491
"740","Sample5024054","Sample5024467",75624,0.00357798850089076
"741","PU12","Sample5026910",75283,0.00356185481213053
"742","Sample5025122","Sample5026435",75283,0.00356185481213053
"743","Sample5025263","Sample5026441",75283,0.00356185481213053
"744","Sample5024083","Sample5025125",74921,0.00354472755309474
"745","Sample5024086","Sample5025125",74921,0.00354472755309474
"746","Sample5025116","Sample5026175",74847,0.00354122640069516
"747","Sample5024011","Sample5026437",74586,0.0035288777415561
"748","Sample5024165","Sample5026152",74586,0.0035288777415561
"749","Sample5024165","Sample5026610",74586,0.0035288777415561
"750","Sample5025918","Sample5026032",74586,0.0035288777415561
"751","Sample5026032","Sample5026610",74586,0.0035288777415561
"752","Sample5026392","Sample5026610",74575,0.00352835729998319
"753","PU28","Sample5024262",74296,0.00351515700917936
"754","PU28","Sample5024831",74296,0.00351515700917936
"755","PU28","Sample5024839",74296,0.00351515700917936
"756","Sample5024008","Sample5024831",74296,0.00351515700917936
"757","Sample5024008","Sample5024839",74296,0.00351515700917936
"758","Sample5024008","Sample5025930",74296,0.00351515700917936
"759","Sample5024054","Sample5025930",74296,0.00351515700917936
"760","Sample5024086","Sample5024262",74296,0.00351515700917936
"761","Sample5024262","Sample5024416",74296,0.00351515700917936
"762","Sample5024262","Sample5024831",74296,0.00351515700917936
"763","Sample5024262","Sample5024839",74296,0.00351515700917936
"764","Sample5024262","Sample5025930",74296,0.00351515700917936
"765","Sample5024262","Sample5026468",74296,0.00351515700917936
"766","Sample5024416","Sample5025930",74296,0.00351515700917936
"767","Sample5024416","Sample5026468",74296,0.00351515700917936
"768","Sample5024831","Sample5025930",74296,0.00351515700917936
"769","Sample5024831","Sample5026468",74296,0.00351515700917936
"770","Sample5024173","Sample5025958",74170,0.00350919558752602
"771","PU23","Sample5024467",74067,0.00350432236188876
"772","PU24","Sample5024467",74067,0.00350432236188876
"773","Sample5024467","Sample5025958",74067,0.00350432236188876
"774","PU19","Sample5026718",73621,0.00348322082175075
"775","PU19","Sample5026771",73621,0.00348322082175075
"776","PU24","Sample5024719",73621,0.00348322082175075
"777","PU25","Sample5024056",73621,0.00348322082175075
"778","PU26","Sample5024818",73621,0.00348322082175075
"779","PU28","Sample5024011",73621,0.00348322082175075
"780","Sample5024009","Sample5024069",73621,0.00348322082175075
"781","Sample5024011","Sample5024252",73621,0.00348322082175075
"782","Sample5024011","Sample5025964",73621,0.00348322082175075
"783","Sample5024011","Sample5026031",73621,0.00348322082175075
"784","Sample5024011","Sample5026468",73621,0.00348322082175075
"785","Sample5024244","Sample5025909",73621,0.00348322082175075
"786","Sample5024262","Sample5025909",73621,0.00348322082175075
"787","Sample5024475","Sample5025257",73621,0.00348322082175075
"788","Sample5024719","Sample5026584",73621,0.00348322082175075
"789","Sample5024981","Sample5024992",73621,0.00348322082175075
"790","Sample5025684","Sample5025929",73621,0.00348322082175075
"791","Sample5026433","Sample5026584",73621,0.00348322082175075
"792","Sample5026847","Sample5026878",73621,0.00348322082175075
"793","Sample5024964","Sample5026297",73189,0.00346278166179644
"794","Sample5024173","Sample5025918",73126,0.00345980095096977
"795","Sample5024173","Sample5026610",73126,0.00345980095096977
"796","Sample5025930","Sample5026437",73041,0.00345577935699728
"797","PU25","Sample5026402",72810,0.00344485008396615
"798","Sample5024165","Sample5024884",72545,0.00343231217334603
"799","PU1","Sample5025954",72333,0.00342228184484993
"800","PU11","Sample5025954",72333,0.00342228184484993
"801","Sample5025118","Sample5026480",72333,0.00342228184484993
"802","Sample5024310","Sample5026916",71937,0.00340354594822515
"803","Sample5024472","Sample5024697",71504,0.00338305947540057
"804","Sample5025747","Sample5026610",71191,0.00336825054700775
"805","Sample5024165","Sample5025291",70938,0.0033562803908308
"806","PU23","Sample5024771",70342,0.0033280819201531
"807","PU24","Sample5024771",70342,0.0033280819201531
"808","Sample5024467","Sample5024771",70342,0.0033280819201531
"809","Sample5024701","Sample5024838",70342,0.0033280819201531
"810","Sample5024771","Sample5025958",70342,0.0033280819201531
"811","Sample5024771","Sample5026910",70342,0.0033280819201531
"812","PU11","Sample5026402",69775,0.00330125552271306
"813","PU17","Sample5025125",69775,0.00330125552271306
"814","PU3","Sample5026729",69775,0.00330125552271306
"815","PU7","Sample5026443",69775,0.00330125552271306
"816","Sample5025266","Sample5025468",69775,0.00330125552271306
"817","Sample5024475","Sample5026240",69671,0.00329633498420554
"818","Sample5025964","Sample5026134",69671,0.00329633498420554
"819","PU3","Sample5026152",68875,0.00325867393947492
"820","PU3","Sample5026399",68875,0.00325867393947492
"821","Sample5024469","Sample5026152",68875,0.00325867393947492
"822","Sample5024469","Sample5026399",68875,0.00325867393947492
"823","Sample5024536","Sample5026152",68875,0.00325867393947492
"824","Sample5024536","Sample5026399",68875,0.00325867393947492
"825","Sample5025644","Sample5025964",68875,0.00325867393947492
"826","Sample5025654","Sample5026610",68875,0.00325867393947492
"827","Sample5025964","Sample5026206",68875,0.00325867393947492
"828","Sample5026392","Sample5026399",68875,0.00325867393947492
"829","Sample5026399","Sample5026610",68875,0.00325867393947492
"830","Sample5024244","Sample5025957",68824,0.00325626098309142
"831","Sample5024226","Sample5026054",68610,0.0032461360288548
"832","Sample5024513","Sample5026729",68610,0.0032461360288548
"833","Sample5026054","Sample5026452",68610,0.0032461360288548
"834","Sample5026316","Sample5026910",68610,0.0032461360288548
"835","PU22","Sample5025289",68347,0.0032336927439752
"836","Sample5025119","Sample5025964",68309,0.00323189485490515
"837","PU14","Sample5026133",68001,0.00321732249086365
"838","Sample5024513","Sample5026610",67906,0.00321282776818851
"839","Sample5024838","Sample5026402",67906,0.00321282776818851
"840","PU4","Sample5024055",67776,0.00320667709505411
"841","Sample5024069","Sample5025684",67776,0.00320667709505411
"842","Sample5024515","Sample5026175",67493,0.00319328755276923
"843","Sample5024591","Sample5025268",67493,0.00319328755276923
"844","Sample5025119","Sample5026175",67493,0.00319328755276923
"845","Sample5024171","Sample5024465",67172,0.00317810012141429
"846","Sample5024096","Sample5024165",67105,0.00317493015910656
"847","Sample5024165","Sample5026350",67105,0.00317493015910656
"848","Sample5025116","Sample5025504",67105,0.00317493015910656
"849","Sample5025116","Sample5026452",67105,0.00317493015910656
"850","Sample5025116","Sample5026460",67105,0.00317493015910656
"851","PU14","Sample5024244",66796,0.00316031048219479
"852","Sample5024513","Sample5024549",66550,0.0031486715161097
"853","PU11","Sample5024083",65938,0.00311971603950776
"854","PU26","Sample5024771",65938,0.00311971603950776
"855","PU4","Sample5024009",65938,0.00311971603950776
"856","Sample5024535","Sample5025967",65938,0.00311971603950776
"857","Sample5024252","Sample5025117",65794,0.00311290298618966
"858","PU11","Sample5026578",65562,0.00310192640028827
"859","Sample5025953","Sample5026742",65562,0.00310192640028827
"860","PU14","Sample5026443",65284,0.00308877342235471
"861","PU18","Sample5024179",65284,0.00308877342235471
"862","PU9","Sample5024833",65284,0.00308877342235471
"863","Sample5024704","Sample5025973",65284,0.00308877342235471
"864","Sample5024820","Sample5024833",65284,0.00308877342235471
"865","Sample5024833","Sample5026438",65284,0.00308877342235471
"866","Sample5025263","Sample5026437",65284,0.00308877342235471
"867","Sample5025644","Sample5026293",64691,0.00306071689028779
"868","PU14","Sample5026884",64586,0.00305574903891001
"869","Sample5024364","Sample5025122",63967,0.00302646237221622
"870","PU5","Sample5025982",63873,0.00302201496241134
"871","Sample5025643","Sample5025964",63863,0.0030215418337087
"872","PU14","Sample5025967",63768,0.00301704711103356
"873","Sample5025261","Sample5026460",63768,0.00301704711103356
"874","Sample5025973","Sample5026460",63768,0.00301704711103356
"875","Sample5025918","Sample5026911",63649,0.00301141687947207
"876","PU24","Sample5024992",63639,0.00301094375076943
"877","PU24","Sample5025957",63639,0.00301094375076943
"878","Sample5024771","Sample5024992",63639,0.00301094375076943
"879","Sample5024771","Sample5025957",63639,0.00301094375076943
"880","Sample5024992","Sample5025753",63639,0.00301094375076943
"881","Sample5025753","Sample5025958",63639,0.00301094375076943
"882","Sample5025199","Sample5026483",63521,0.0030053608320782
"883","Sample5024179","Sample5026302",63479,0.00300337369152709
"884","Sample5024465","Sample5026302",63479,0.00300337369152709
"885","Sample5024686","Sample5024964",63165,0.002988517450264
"886","Sample5024171","Sample5024179",63143,0.00298747656711818
"887","Sample5024006","Sample5024096",62804,0.00297143750409848
"888","Sample5024019","Sample5025065",62804,0.00297143750409848
"889","Sample5024082","Sample5024264",62804,0.00297143750409848
"890","Sample5024082","Sample5024992",62804,0.00297143750409848
"891","Sample5025065","Sample5026031",62804,0.00297143750409848
"892","Sample5026735","Sample5026916",62804,0.00297143750409848
"893","PU23","Sample5024992",62249,0.00294517886110162
"894","PU23","Sample5025957",62249,0.00294517886110162
"895","Sample5024467","Sample5024992",62249,0.00294517886110162
"896","Sample5024467","Sample5025957",62249,0.00294517886110162
"897","PU1","Sample5025643",61654,0.00291702770329418
"898","PU10","Sample5026735",61654,0.00291702770329418
"899","PU19","Sample5024818",61654,0.00291702770329418
"900","PU25","Sample5024009",61654,0.00291702770329418
"901","PU26","Sample5024009",61654,0.00291702770329418
"902","PU26","Sample5024069",61654,0.00291702770329418
"903","PU26","Sample5024096",61654,0.00291702770329418
"904","PU26","Sample5024113",61654,0.00291702770329418
"905","PU26","Sample5024244",61654,0.00291702770329418
"906","PU26","Sample5024463",61654,0.00291702770329418
"907","PU26","Sample5024475",61654,0.00291702770329418
"908","PU26","Sample5024549",61654,0.00291702770329418
"909","PU26","Sample5024820",61654,0.00291702770329418
"910","PU26","Sample5025076",61654,0.00291702770329418
"911","PU26","Sample5025257",61654,0.00291702770329418
"912","PU26","Sample5025504",61654,0.00291702770329418
"913","PU26","Sample5025747",61654,0.00291702770329418
"914","PU26","Sample5025923",61654,0.00291702770329418
"915","PU26","Sample5026773",61654,0.00291702770329418
"916","PU26","Sample5026910",61654,0.00291702770329418
"917","PU4","Sample5025334",61654,0.00291702770329418
"918","PU6","Sample5025125",61654,0.00291702770329418
"919","Sample5024009","Sample5024376",61654,0.00291702770329418
"920","Sample5024009","Sample5024414",61654,0.00291702770329418
"921","Sample5024009","Sample5025782",61654,0.00291702770329418
"922","Sample5024009","Sample5025909",61654,0.00291702770329418
"923","Sample5024009","Sample5026910",61654,0.00291702770329418
"924","Sample5024054","Sample5024244",61654,0.00291702770329418
"925","Sample5024054","Sample5025468",61654,0.00291702770329418
"926","Sample5024054","Sample5026698",61654,0.00291702770329418
"927","Sample5024082","Sample5026878",61654,0.00291702770329418
"928","Sample5024165","Sample5025964",61654,0.00291702770329418
"929","Sample5024171","Sample5026610",61654,0.00291702770329418
"930","Sample5024244","Sample5024818",61654,0.00291702770329418
"931","Sample5024244","Sample5024820",61654,0.00291702770329418
"932","Sample5024244","Sample5026438",61654,0.00291702770329418
"933","Sample5024244","Sample5026588",61654,0.00291702770329418
"934","Sample5024244","Sample5026910",61654,0.00291702770329418
"935","Sample5024414","Sample5025257",61654,0.00291702770329418
"936","Sample5024463","Sample5025098",61654,0.00291702770329418
"937","Sample5024549","Sample5025098",61654,0.00291702770329418
"938","Sample5024686","Sample5024981",61654,0.00291702770329418
"939","Sample5024704","Sample5026433",61654,0.00291702770329418
"940","Sample5024771","Sample5026911",61654,0.00291702770329418
"941","Sample5024818","Sample5026718",61654,0.00291702770329418
"942","Sample5024818","Sample5026771",61654,0.00291702770329418
"943","Sample5024819","Sample5025257",61654,0.00291702770329418
"944","Sample5024838","Sample5025261",61654,0.00291702770329418
"945","Sample5024964","Sample5026437",61654,0.00291702770329418
"946","Sample5025065","Sample5026712",61654,0.00291702770329418
"947","Sample5025122","Sample5026847",61654,0.00291702770329418
"948","Sample5025266","Sample5025909",61654,0.00291702770329418
"949","Sample5025973","Sample5026468",61654,0.00291702770329418
"950","Sample5026031","Sample5026883",61654,0.00291702770329418
"951","Sample5026407","Sample5026847",61654,0.00291702770329418
"952","Sample5026729","Sample5026773",61654,0.00291702770329418
"953","Sample5026735","Sample5026883",61654,0.00291702770329418
"954","Sample5025643","Sample5025644",61580,0.0029135265508946
"955","PU11","Sample5024442",61200,0.00289554766019405
"956","PU12","PU3",61200,0.00289554766019405
"957","PU12","Sample5024055",61200,0.00289554766019405
"958","PU26","Sample5024055",61200,0.00289554766019405
"959","PU28","Sample5026847",61200,0.00289554766019405
"960","PU4","Sample5024054",61200,0.00289554766019405
"961","PU4","Sample5026409",61200,0.00289554766019405
"962","Sample5024029","Sample5024414",61200,0.00289554766019405
"963","Sample5024029","Sample5024610",61200,0.00289554766019405
"964","Sample5024054","Sample5024055",61200,0.00289554766019405
"965","Sample5024054","Sample5024469",61200,0.00289554766019405
"966","Sample5024054","Sample5025684",61200,0.00289554766019405
"967","Sample5024055","Sample5025257",61200,0.00289554766019405
"968","Sample5024055","Sample5025684",61200,0.00289554766019405
"969","Sample5024055","Sample5026438",61200,0.00289554766019405
"970","Sample5024069","Sample5024376",61200,0.00289554766019405
"971","Sample5024082","Sample5026433",61200,0.00289554766019405
"972","Sample5024414","Sample5024610",61200,0.00289554766019405
"973","Sample5024414","Sample5025289",61200,0.00289554766019405
"974","Sample5024831","Sample5026441",61200,0.00289554766019405
"975","Sample5025065","Sample5025289",61200,0.00289554766019405
"976","Sample5025065","Sample5025468",61200,0.00289554766019405
"977","Sample5025199","Sample5026441",61200,0.00289554766019405
"978","Sample5025263","Sample5026480",61200,0.00289554766019405
"979","Sample5025499","Sample5026152",61200,0.00289554766019405
"980","Sample5025684","Sample5026031",61200,0.00289554766019405
"981","Sample5025684","Sample5026438",61200,0.00289554766019405
"982","Sample5025954","Sample5026297",61200,0.00289554766019405
"983","Sample5025954","Sample5026433",61200,0.00289554766019405
"984","Sample5026142","Sample5026433",61200,0.00289554766019405
"985","Sample5026297","Sample5026871",61200,0.00289554766019405
"986","Sample5026378","Sample5026814",61200,0.00289554766019405
"987","Sample5026578","Sample5026793",61200,0.00289554766019405
"988","Sample5024165","Sample5026400",61187,0.00289493259288061
"989","Sample5024884","Sample5024964",61187,0.00289493259288061
"990","Sample5024884","Sample5025918",60639,0.0028690051399756
"991","Sample5024047","Sample5024536",60533,0.00286398997572755
"992","Sample5025964","Sample5026407",60533,0.00286398997572755
"993","Sample5025973","Sample5026911",60533,0.00286398997572755
"994","Sample5026407","Sample5027250",60533,0.00286398997572755
"995","Sample5026437","Sample5026814",60533,0.00286398997572755
"996","PU9","Sample5024475",60487,0.00286181358369538
"997","PU9","Sample5026443",60487,0.00286181358369538
"998","Sample5024086","Sample5024252",60487,0.00286181358369538
"999","Sample5024467","Sample5026032",60439,0.00285954256592268
"1000","Sample5024771","Sample5026032",60439,0.00285954256592268
"1001","PU15","Sample5024009",60078,0.00284246261975715
"1002","PU15","Sample5025468",60078,0.00284246261975715
"1003","PU16","Sample5024083",60078,0.00284246261975715
"1004","PU26","Sample5024414",60078,0.00284246261975715
"1005","PU26","Sample5024819",60078,0.00284246261975715
"1006","PU9","Sample5024009",60078,0.00284246261975715
"1007","Sample5024244","Sample5025923",60078,0.00284246261975715
"1008","Sample5025782","Sample5026877",60078,0.00284246261975715
"1009","Sample5026240","Sample5026421",60078,0.00284246261975715
"1010","Sample5024591","Sample5026483",59673,0.00282330090729999
"1011","PU17","Sample5024704",59298,0.00280555858095076
"1012","Sample5024981","Sample5026742",59268,0.00280413919484282
"1013","Sample5025822","Sample5026416",59212,0.002801489674108
"1014","Sample5024591","Sample5025957",58621,0.00277352776778162
"1015","Sample5026240","Sample5026452",58574,0.00277130406287918
"1016","Sample5024467","Sample5025929",58559,0.00277059436982521
"1017","Sample5024771","Sample5025929",58559,0.00277059436982521
"1018","Sample5024992","Sample5025929",58559,0.00277059436982521
"1019","Sample5025929","Sample5025957",58559,0.00277059436982521
"1020","Sample5024513","Sample5026712",58147,0.0027511014672762
"1021","PU5","Sample5026883",58129,0.00275024983561143
"1022","Sample5024275","Sample5024310",58104,0.00274906701385482
"1023","Sample5025291","Sample5026866",58104,0.00274906701385482
"1024","Sample5024704","Sample5026293",57834,0.00273629253888337
"1025","Sample5024515","Sample5025503",57718,0.00273080424593268
"1026","Sample5024173","Sample5026152",57535,0.00272214599067425
"1027","Sample5024011","Sample5024054",57446,0.0027179351452207
"1028","Sample5024011","Sample5025398",57446,0.0027179351452207
"1029","Sample5024054","Sample5025398",57446,0.0027179351452207
"1030","Sample5024473","Sample5026437",57446,0.0027179351452207
"1031","Sample5024704","Sample5026468",57446,0.0027179351452207
"1032","Sample5025261","Sample5025922",57446,0.0027179351452207
"1033","Sample5026437","Sample5026438",57446,0.0027179351452207
"1034","PU19","Sample5026588",57435,0.00271741470364779
"1035","Sample5024442","Sample5025118",57435,0.00271741470364779
"1036","Sample5024536","Sample5025954",57435,0.00271741470364779
"1037","Sample5025065","Sample5025504",57435,0.00271741470364779
"1038","Sample5025684","Sample5026793",57435,0.00271741470364779
"1039","Sample5026433","Sample5026610",57435,0.00271741470364779
"1040","Sample5024179","Sample5024376",57365,0.00271410280272927
"1041","Sample5024376","Sample5024465",57365,0.00271410280272927
"1042","Sample5024485","Sample5025499",57365,0.00271410280272927
"1043","Sample5024820","Sample5026392",57365,0.00271410280272927
"1044","Sample5025822","Sample5026588",57149,0.00270388322275212
"1045","Sample5025773","Sample5026460",57048,0.00269910462285539
"1046","Sample5024442","Sample5025264",56764,0.00268566776770024
"1047","Sample5024819","Sample5026416",56391,0.00266802006709154
"1048","PU1","Sample5025076",55753,0.00263783445586272
"1049","PU13","Sample5024706",55753,0.00263783445586272
"1050","PU14","Sample5026312",55753,0.00263783445586272
"1051","Sample5024083","Sample5025918",55753,0.00263783445586272
"1052","Sample5024706","Sample5026884",55753,0.00263783445586272
"1053","Sample5025504","Sample5025973",55753,0.00263783445586272
"1054","Sample5025973","Sample5026293",55753,0.00263783445586272
"1055","Sample5026175","Sample5026443",55753,0.00263783445586272
"1056","Sample5026443","Sample5026698",55753,0.00263783445586272
"1057","PU26","Sample5026441",55484,0.00262510729376154
"1058","Sample5024831","Sample5025199",55338,0.00261819961470291
"1059","Sample5024244","Sample5026293",55312,0.00261696948007603
"1060","PU12","Sample5026911",55063,0.00260518857538014
"1061","Sample5025264","Sample5026916",55063,0.00260518857538014
"1062","Sample5025261","Sample5026450",54805,0.00259298185485187
"1063","Sample5024096","Sample5025747",54632,0.0025847967282961
"1064","Sample5024179","Sample5025116",54632,0.0025847967282961
"1065","Sample5024179","Sample5025747",54632,0.0025847967282961
"1066","Sample5025116","Sample5025747",54632,0.0025847967282961
"1067","Sample5025116","Sample5026350",54632,0.0025847967282961
"1068","Sample5024019","Sample5025643",54520,0.00257949768682646
"1069","Sample5024244","Sample5025973",54520,0.00257949768682646
"1070","PU4","Sample5026578",54485,0.0025778417363672
"1071","PU9","Sample5024771",54485,0.0025778417363672
"1072","Sample5024996","Sample5025334",54485,0.0025778417363672
"1073","Sample5025264","Sample5025684",54485,0.0025778417363672
"1074","Sample5025958","Sample5025973",54485,0.0025778417363672
"1075","Sample5026441","Sample5026578",54485,0.0025778417363672
"1076","Sample5025918","Sample5025929",54431,0.00257528684137291
"1077","Sample5024165","Sample5025918",54245,0.00256648664750369
"1078","PU11","Sample5024006",53791,0.00254500660440356
"1079","Sample5024467","Sample5025753",53641,0.00253790967386387
"1080","Sample5024771","Sample5025753",53641,0.00253790967386387
"1081","Sample5025753","Sample5025929",53641,0.00253790967386387
"1082","Sample5025753","Sample5025957",53641,0.00253790967386387
"1083","Sample5026175","Sample5026866",53597,0.00253582790757223
"1084","Sample5025973","Sample5026712",53569,0.00253450314720482
"1085","Sample5025654","Sample5026244",53362,0.00252470938306004
"1086","Sample5026244","Sample5026290",53362,0.00252470938306004
"1087","Sample5025958","Sample5026441",53242,0.00251903183862829
"1088","Sample5024179","Sample5026297",53104,0.00251250266253177
"1089","Sample5024465","Sample5026297",53104,0.00251250266253177
"1090","Sample5026133","Sample5026884",53104,0.00251250266253177
"1091","Sample5025065","Sample5025773",52786,0.00249745716978763
"1092","Sample5024463","Sample5024686",52248,0.00247200284558527
"1093","Sample5025116","Sample5026407",52047,0.00246249295866208
"1094","Sample5025684","Sample5026871",52047,0.00246249295866208
"1095","Sample5024252","Sample5024838",51534,0.00243822145621634
"1096","PU2","Sample5026302",51316,0.00242790725049865
"1097","Sample5024467","Sample5024964",51293,0.00242681905448257
"1098","Sample5024469","Sample5024964",51293,0.00242681905448257
"1099","PU12","Sample5026031",50953,0.0024107326785926
"1100","PU15","Sample5024719",50953,0.0024107326785926
"1101","PU15","Sample5026402",50953,0.0024107326785926
"1102","PU18","Sample5025773",50953,0.0024107326785926
"1103","PU18","Sample5026441",50953,0.0024107326785926
"1104","PU4","Sample5025644",50953,0.0024107326785926
"1105","PU5","Sample5024252",50953,0.0024107326785926
"1106","Sample5024054","Sample5026297",50953,0.0024107326785926
"1107","Sample5024069","Sample5024535",50953,0.0024107326785926
"1108","Sample5024069","Sample5024549",50953,0.0024107326785926
"1109","Sample5024082","Sample5024820",50953,0.0024107326785926
"1110","Sample5024244","Sample5024549",50953,0.0024107326785926
"1111","Sample5024252","Sample5025964",50953,0.0024107326785926
"1112","Sample5024252","Sample5027250",50953,0.0024107326785926
"1113","Sample5024416","Sample5026712",50953,0.0024107326785926
"1114","Sample5024461","Sample5027250",50953,0.0024107326785926
"1115","Sample5024465","Sample5024992",50953,0.0024107326785926
"1116","Sample5024549","Sample5025122",50953,0.0024107326785926
"1117","Sample5024680","Sample5025954",50953,0.0024107326785926
"1118","Sample5024704","Sample5026847",50953,0.0024107326785926
"1119","Sample5024706","Sample5025122",50953,0.0024107326785926
"1120","Sample5024820","Sample5026884",50953,0.0024107326785926
"1121","Sample5024992","Sample5026316",50953,0.0024107326785926
"1122","Sample5024992","Sample5026729",50953,0.0024107326785926
"1123","Sample5025118","Sample5026293",50953,0.0024107326785926
"1124","Sample5025654","Sample5026793",50953,0.0024107326785926
"1125","Sample5026312","Sample5026847",50953,0.0024107326785926
"1126","Sample5024165","Sample5025684",50867,0.00240666377174984
"1127","PU26","Sample5024376",50795,0.00240325724509079
"1128","PU3","Sample5026031",50795,0.00240325724509079
"1129","Sample5024008","Sample5026407",50795,0.00240325724509079
"1130","Sample5024376","Sample5025684",50795,0.00240325724509079
"1131","Sample5024610","Sample5025289",50795,0.00240325724509079
"1132","Sample5026142","Sample5026871",50795,0.00240325724509079
"1133","Sample5024884","Sample5026416",50765,0.00240183785898285
"1134","Sample5024549","Sample5026416",50708,0.00239914102537777
"1135","Sample5024463","Sample5024819",50358,0.00238258152078516
"1136","PU24","Sample5026133",50306,0.0023801212515314
"1137","Sample5024469","Sample5026911",50306,0.0023801212515314
"1138","Sample5024884","Sample5026302",50306,0.0023801212515314
"1139","Sample5024992","Sample5026206",50306,0.0023801212515314
"1140","Sample5025982","Sample5026399",50306,0.0023801212515314
"1141","Sample5025982","Sample5026610",50306,0.0023801212515314
"1142","Sample5025982","Sample5026911",50306,0.0023801212515314
"1143","PU26","Sample5026742",50199,0.00237505877441309
"1144","Sample5024096","Sample5025098",50199,0.00237505877441309
"1145","Sample5026483","Sample5026610",50181,0.00237420714274832
